"condition","amino_acid","replicate","slope","R2","cell_line","dox_conc"
"E_0","Arg",2,-9.98689114720626e-11,0.972096152950684,"E","0"
"E_0","Arg",3,-7.92703785593744e-11,0.921900095074336,"E","0"
"E_0","Asn",2,-8.06387269491741e-12,0.967754431025687,"E","0"
"E_0","Asn",3,-6.95247144966273e-12,0.911297179798209,"E","0"
"E_0","Cys",2,-1.21102474852408e-11,0.770877712026235,"E","0"
"E_0","Cys",3,-1.9566311650298e-11,0.846297074953114,"E","0"
"E_0","Glc",1,-2.55865360309988e-09,0.995704443612178,"E","0"
"E_0","Glc",2,-2.59819119473323e-09,0.998342732535674,"E","0"
"E_0","Glc",3,-2.61786650992335e-09,0.989488884113112,"E","0"
"E_0","Gln",3,-2.47689343561641e-10,0.981626363192507,"E","0"
"E_0","Glu",1,-1.05634957568301e-11,0.551106733182873,"E","0"
"E_0","Glu",3,-4.93157365173928e-11,0.79188997486599,"E","0"
"E_0","Gly",2,-5.41578868848662e-11,0.921900500364576,"E","0"
"E_0","Gly",3,-2.91086442495849e-11,0.948306511227838,"E","0"
"E_0","Ile",3,-3.3909254080997e-11,0.662114240675255,"E","0"
"E_0","Lac",1,2.03515667131478e-10,0.917259437825724,"E","0"
"E_0","Lac",2,4.53787688089703e-10,0.979917106679079,"E","0"
"E_0","Lac",3,4.60815745788355e-10,0.914818908221086,"E","0"
"E_0","Leu",2,-4.47617663176971e-11,0.575131065291536,"E","0"
"E_0","Leu",3,-3.86347669845212e-11,0.680039052650913,"E","0"
"E_0","Met",1,-1.2716004308948e-11,0.98540684866197,"E","0"
"E_0","Met",2,-1.88587939356297e-11,0.933043464882063,"E","0"
"E_0","Met",3,-1.76951210375727e-11,0.885712381342014,"E","0"
"E_0","Phe",1,-3.12448829217124e-11,0.954868006484671,"E","0"
"E_0","Pro",1,-1.68523154960897e-11,0.864563232092868,"E","0"
"E_0","Pro",2,-3.05662562083694e-11,0.979705306031658,"E","0"
"E_0","Pro",3,-1.65013110040567e-11,0.863022017812063,"E","0"
"E_0","Ser",1,-3.50489502812134e-11,0.984101845856878,"E","0"
"E_0","Ser",2,-3.61575876880296e-11,0.995074644521226,"E","0"
"E_0","Ser",3,-3.49870526324698e-11,0.981630722008067,"E","0"
"E_0","Thr",1,-4.66329743558805e-11,0.667804711195508,"E","0"
"E_0","Thr",2,-7.87710838175553e-11,0.925685510285419,"E","0"
"E_0","Thr",3,-5.26440287458449e-11,0.930433973289833,"E","0"
"E_0","Trp",3,-5.65444596917651e-12,0.908875977249195,"E","0"
"E_0","Tyr",2,-3.47240918075998e-11,0.966955240632229,"E","0"
"E_0","Tyr",3,-2.7189494478841e-11,0.86000707131633,"E","0"
"E_0","Val",2,-7.48406852573165e-11,0.965126276155688,"E","0"
"E_0","Val",3,-6.59417919261129e-11,0.9637246384721,"E","0"
"E_100","Arg",2,-1.01943875162615e-10,0.960018153989844,"E","100"
"E_100","Arg",3,-1.04818088812322e-10,0.925424101268534,"E","100"
"E_100","Asn",2,-8.82303500873479e-12,0.837740694860895,"E","100"
"E_100","Asn",3,-7.27484785908691e-12,0.929394720208677,"E","100"
"E_100","Cys",2,-9.90596267817412e-12,0.759932703775709,"E","100"
"E_100","Cys",3,-1.10881188636363e-11,0.592326008622245,"E","100"
"E_100","Glc",1,-2.45822505310182e-09,0.998712871317018,"E","100"
"E_100","Glc",2,-2.90780488666129e-09,0.993021138681247,"E","100"
"E_100","Glc",3,-2.72883911429344e-09,0.992029355321431,"E","100"
"E_100","Gln",3,-2.76335985410256e-10,0.994483382903899,"E","100"
"E_100","Glu",3,-6.26952946455228e-11,0.591772289231815,"E","100"
"E_100","Gly",1,-2.20436944346127e-11,0.887818040834215,"E","100"
"E_100","Gly",2,-3.86473613031383e-11,0.9782671014665,"E","100"
"E_100","Ile",2,-6.52171390308694e-11,0.813326661941862,"E","100"
"E_100","Ile",3,-4.94444154810819e-11,0.858544550669086,"E","100"
"E_100","Lac",1,1.52058697760857e-10,0.83767128121021,"E","100"
"E_100","Lac",3,3.13216711000999e-10,0.816968511390457,"E","100"
"E_100","Leu",2,-6.7406925613758e-11,0.51084207481463,"E","100"
"E_100","Leu",3,-5.31025179458166e-11,0.959966765452392,"E","100"
"E_100","Met",1,-1.9026256639402e-11,0.981995548363285,"E","100"
"E_100","Met",2,-1.64865889249993e-11,0.906968597282856,"E","100"
"E_100","Met",3,-2.16734770558974e-11,0.957726312312978,"E","100"
"E_100","Phe",1,-2.59348515101013e-11,0.936090953393927,"E","100"
"E_100","Pro",1,-1.35882857830031e-11,0.923740580366694,"E","100"
"E_100","Pro",2,-2.20639614526148e-11,0.936550522415432,"E","100"
"E_100","Pro",3,-2.08252704833773e-11,0.964943924321634,"E","100"
"E_100","Ser",1,-4.5931850204015e-11,0.961848454724906,"E","100"
"E_100","Ser",2,-3.93717455887397e-11,0.970055906777312,"E","100"
"E_100","Ser",3,-4.25578657190285e-11,0.964031544205471,"E","100"
"E_100","Thr",1,-4.66855677148206e-11,0.808409373109685,"E","100"
"E_100","Thr",2,-8.14493125423345e-11,0.988425610382401,"E","100"
"E_100","Thr",3,-6.38615446791958e-11,0.984897178372781,"E","100"
"E_100","Trp",3,-6.77217277557488e-12,0.980598388791975,"E","100"
"E_100","Tyr",2,-3.6068664116787e-11,0.984662045239241,"E","100"
"E_100","Tyr",3,-3.28424381824796e-11,0.997622212316779,"E","100"
"E_100","Val",2,-7.60000469858593e-11,0.909111786199863,"E","100"
"E_100","Val",3,-6.65752852390072e-11,0.986372342616578,"E","100"
"E_1000","Arg",2,-8.56971751364925e-11,0.946162330308519,"E","1000"
"E_1000","Arg",3,-9.42850531451212e-11,0.976169749053616,"E","1000"
"E_1000","Asn",2,-7.48679193537166e-12,0.945515675666774,"E","1000"
"E_1000","Asn",3,-6.72750445949995e-12,0.942087243677322,"E","1000"
"E_1000","Cys",2,-1.02903063552249e-11,0.889125077659889,"E","1000"
"E_1000","Cys",3,-1.28477885124727e-11,0.873653397764998,"E","1000"
"E_1000","Glc",1,-2.5192644751174e-09,0.996830516087647,"E","1000"
"E_1000","Glc",2,-2.55716111490274e-09,0.992396022859493,"E","1000"
"E_1000","Glc",3,-2.61858523423815e-09,0.986529948770034,"E","1000"
"E_1000","Gln",3,-2.90444838549133e-10,0.992800114235776,"E","1000"
"E_1000","Glu",1,-3.075562056784e-11,0.718065388598009,"E","1000"
"E_1000","Glu",3,-6.53063985664412e-11,0.780756979578381,"E","1000"
"E_1000","Gly",1,-1.72920344904916e-11,0.644792973445675,"E","1000"
"E_1000","Gly",2,-3.1116310155109e-11,0.539744456865257,"E","1000"
"E_1000","Gly",3,-4.22005391473464e-11,0.8877233980714,"E","1000"
"E_1000","Ile",2,-6.11230171076372e-11,0.795143520181888,"E","1000"
"E_1000","Ile",3,-7.28892784519616e-11,0.892363050662179,"E","1000"
"E_1000","Lac",2,2.44584324809889e-10,0.830236810997873,"E","1000"
"E_1000","Lac",3,3.6895923751851e-10,0.935958194136986,"E","1000"
"E_1000","Leu",2,-5.88280451509204e-11,0.820412351911113,"E","1000"
"E_1000","Leu",3,-5.53140461953673e-11,0.722001427391307,"E","1000"
"E_1000","Met",1,-1.64753836607637e-11,0.993267363617383,"E","1000"
"E_1000","Met",2,-1.37857211550236e-11,0.915776816709595,"E","1000"
"E_1000","Met",3,-2.17469305641345e-11,0.973032271402992,"E","1000"
"E_1000","Phe",1,-2.67431246884181e-11,0.920035571361375,"E","1000"
"E_1000","Pro",1,-2.08926022575711e-11,0.8385949575997,"E","1000"
"E_1000","Pro",2,-2.28536458453106e-11,0.860911665044024,"E","1000"
"E_1000","Pro",3,-2.10590537880992e-11,0.971975282362274,"E","1000"
"E_1000","Ser",1,-3.52957277970122e-11,0.9775138095188,"E","1000"
"E_1000","Ser",2,-3.00332434460356e-11,0.956082716292654,"E","1000"
"E_1000","Ser",3,-4.42159762548431e-11,0.99606265479071,"E","1000"
"E_1000","Thr",1,-7.36194542638717e-11,0.681889698759858,"E","1000"
"E_1000","Thr",2,-4.80481791111601e-11,0.70303831725845,"E","1000"
"E_1000","Thr",3,-6.99224805482347e-11,0.970944127749002,"E","1000"
"E_1000","Trp",3,-4.67349468329739e-12,0.857584248670747,"E","1000"
"E_1000","Tyr",2,-3.6751977951976e-11,0.876421847468416,"E","1000"
"E_1000","Tyr",3,-2.88586190080218e-11,0.951765688649746,"E","1000"
"E_1000","Val",2,-6.44344816701367e-11,0.861403015981754,"E","1000"
"E_1000","Val",3,-6.74855928463976e-11,0.988959450406812,"E","1000"
"M_0","Arg",2,-8.44180060446136e-11,0.964549830653231,"M","0"
"M_0","Arg",3,-9.83199810698278e-11,0.934169123625093,"M","0"
"M_0","Asn",2,-6.86704393222842e-12,0.848605856958155,"M","0"
"M_0","Asn",3,-6.34311039772931e-12,0.986770736236255,"M","0"
"M_0","Cys",2,-1.10073821147951e-11,0.55564660155787,"M","0"
"M_0","Cys",3,-1.06174270773488e-11,0.672003624183278,"M","0"
"M_0","Glc",1,-2.5372418904766e-09,0.998242791594926,"M","0"
"M_0","Glc",2,-2.62774488547241e-09,0.997532431126848,"M","0"
"M_0","Glc",3,-2.62540059038084e-09,0.99626919544377,"M","0"
"M_0","Glu",1,-1.2610389898141e-11,0.839592634577372,"M","0"
"M_0","Glu",3,-4.70312039071522e-11,0.641980872690085,"M","0"
"M_0","Gly",1,-5.42167668394146e-11,0.889881636262384,"M","0"
"M_0","Gly",2,-4.07845536945413e-11,0.997063741264671,"M","0"
"M_0","Gly",3,-2.55245149300133e-11,0.538954249057836,"M","0"
"M_0","Ile",2,-5.97038629052187e-11,0.807828621096295,"M","0"
"M_0","Ile",3,-4.0721705785175e-11,0.635458251802079,"M","0"
"M_0","Lac",1,2.89236154510802e-10,0.961221630980834,"M","0"
"M_0","Lac",2,4.38329335016832e-10,0.962117779921755,"M","0"
"M_0","Lac",3,2.92630254807104e-10,0.890782644735458,"M","0"
"M_0","Leu",2,-5.94732844512538e-11,0.940687419115899,"M","0"
"M_0","Leu",3,-6.30146776768606e-11,0.848561413007155,"M","0"
"M_0","Met",1,-1.91680350954408e-11,0.971039754032265,"M","0"
"M_0","Met",2,-1.7016201863015e-11,0.946505191592758,"M","0"
"M_0","Met",3,-1.50393324698706e-11,0.97692252008259,"M","0"
"M_0","Phe",1,-3.27787020818359e-11,0.981224304219966,"M","0"
"M_0","Pro",1,-2.32310589227927e-11,0.93035569389396,"M","0"
"M_0","Pro",2,-1.64885084206021e-11,0.909280277903742,"M","0"
"M_0","Pro",3,-2.53152947510001e-11,0.994541846865808,"M","0"
"M_0","Ser",1,-4.34503375436622e-11,0.898427781038117,"M","0"
"M_0","Ser",2,-3.55597086306147e-11,0.998630646213273,"M","0"
"M_0","Ser",3,-4.84752041377781e-11,0.958004760385048,"M","0"
"M_0","Thr",1,-7.86403275729639e-11,0.885311189724918,"M","0"
"M_0","Thr",2,-5.77397987110874e-11,0.953966835947699,"M","0"
"M_0","Thr",3,-7.10086847157889e-11,0.975216160554598,"M","0"
"M_0","Trp",3,-5.04609270720532e-12,0.878727970363497,"M","0"
"M_0","Tyr",2,-3.245568645919e-11,0.971768207925965,"M","0"
"M_0","Tyr",3,-3.24436179358221e-11,0.880232782527234,"M","0"
"M_0","Val",2,-7.48666640674824e-11,0.990211405630124,"M","0"
"M_0","Val",3,-7.37798298059264e-11,0.947155320600366,"M","0"
"M_100","Arg",2,-8.16028115949259e-11,0.885861873151723,"M","100"
"M_100","Arg",3,-8.13497866519607e-11,0.997528883321462,"M","100"
"M_100","Asn",2,-5.11667200053688e-12,0.7055492530434,"M","100"
"M_100","Asn",3,-7.86109662912983e-12,0.966082808804845,"M","100"
"M_100","Cys",3,-9.0157030566673e-12,0.696402418257065,"M","100"
"M_100","Glc",1,-2.48458541556926e-09,0.998031999622912,"M","100"
"M_100","Glc",2,-2.65885504925585e-09,0.99889432811033,"M","100"
"M_100","Glc",3,-2.72746928760466e-09,0.993651150713957,"M","100"
"M_100","Gln",3,-2.57428638197571e-10,0.985970864231207,"M","100"
"M_100","Glu",1,-1.61775193722503e-11,0.634892243768423,"M","100"
"M_100","Glu",3,-4.81878938096703e-11,0.689104999458128,"M","100"
"M_100","Gly",1,-3.37588098747732e-11,0.941295513189119,"M","100"
"M_100","Gly",2,-2.98249550795312e-11,0.697725110741437,"M","100"
"M_100","Gly",3,-2.95873938186424e-11,0.814783987428678,"M","100"
"M_100","Ile",2,-5.4411776508121e-11,0.654612038772287,"M","100"
"M_100","Ile",3,-6.37296223381848e-11,0.895032030514387,"M","100"
"M_100","Lac",1,2.79770530824896e-10,0.96287128821044,"M","100"
"M_100","Lac",2,4.54533931213334e-10,0.935131223404122,"M","100"
"M_100","Lac",3,2.94278604425726e-10,0.929183008820662,"M","100"
"M_100","Leu",2,-6.30408244746841e-11,0.569445736090838,"M","100"
"M_100","Leu",3,-5.37437879983438e-11,0.890143489558966,"M","100"
"M_100","Met",1,-1.72900025932669e-11,0.956568497137391,"M","100"
"M_100","Met",2,-1.36776019530846e-11,0.97225627267355,"M","100"
"M_100","Met",3,-1.42859967836679e-11,0.920385986131676,"M","100"
"M_100","Phe",1,-3.51958631613514e-11,0.999082169907272,"M","100"
"M_100","Pro",1,-2.26574982507653e-11,0.960055636454507,"M","100"
"M_100","Pro",2,-1.88534653912277e-11,0.843593676824986,"M","100"
"M_100","Pro",3,-2.10638217226301e-11,0.895721691613057,"M","100"
"M_100","Ser",1,-4.56796331198645e-11,0.977760633475104,"M","100"
"M_100","Ser",2,-3.84739896061737e-11,0.983549757004995,"M","100"
"M_100","Ser",3,-4.82288808596497e-11,0.987941490466775,"M","100"
"M_100","Thr",1,-6.4583151105166e-11,0.879316360981535,"M","100"
"M_100","Thr",2,-4.95106160770121e-11,0.761736759147774,"M","100"
"M_100","Thr",3,-6.79996546298432e-11,0.933039953924081,"M","100"
"M_100","Trp",3,-6.48284240353289e-12,0.972805606607328,"M","100"
"M_100","Tyr",2,-2.70644405403444e-11,0.887887591521046,"M","100"
"M_100","Tyr",3,-3.58216508063918e-11,0.971532330377879,"M","100"
"M_100","Val",2,-7.24425269433366e-11,0.820646243300282,"M","100"
"M_100","Val",3,-7.22778242405535e-11,0.976555327558593,"M","100"
"M_1000","Arg",2,-1.22531458725723e-10,0.954241538007368,"M","1000"
"M_1000","Arg",3,-1.05248826375203e-10,0.945441623677118,"M","1000"
"M_1000","Asn",2,-7.89844524606727e-12,0.987884500127078,"M","1000"
"M_1000","Asn",3,-8.19537323750156e-12,0.980834636077162,"M","1000"
"M_1000","Cys",3,-1.48799805223159e-11,0.704458415901084,"M","1000"
"M_1000","Glc",1,-2.60784744787321e-09,0.995373173096067,"M","1000"
"M_1000","Glc",2,-2.62398851496091e-09,0.999741364446658,"M","1000"
"M_1000","Glc",3,-2.60343688564798e-09,0.997259609475661,"M","1000"
"M_1000","Gln",3,-3.33687848502316e-10,0.991030305125705,"M","1000"
"M_1000","Glu",1,-1.21428343946593e-11,0.847832682674124,"M","1000"
"M_1000","Glu",3,-5.86953228394744e-11,0.945341209553022,"M","1000"
"M_1000","Gly",1,-3.48405261375562e-11,0.881487119986674,"M","1000"
"M_1000","Gly",3,-4.78434639503471e-11,0.956512940733699,"M","1000"
"M_1000","Ile",2,-5.21954169232086e-11,0.613382747654456,"M","1000"
"M_1000","Ile",3,-6.41555506166078e-11,0.973799469739179,"M","1000"
"M_1000","Lac",1,3.82089409742732e-10,0.903780515261528,"M","1000"
"M_1000","Lac",2,5.30475021505419e-10,0.967290464929612,"M","1000"
"M_1000","Lac",3,3.99144108959381e-10,0.857270716877385,"M","1000"
"M_1000","Leu",2,-4.00654646536233e-11,0.599187855987767,"M","1000"
"M_1000","Leu",3,-6.91502457730191e-11,0.942722582666975,"M","1000"
"M_1000","Met",1,-1.86463880758667e-11,0.989670416976952,"M","1000"
"M_1000","Met",2,-1.71988564671478e-11,0.854209662288268,"M","1000"
"M_1000","Met",3,-1.43374803226834e-11,0.956824261731828,"M","1000"
"M_1000","Phe",1,-3.29619724712197e-11,0.931383758442653,"M","1000"
"M_1000","Pro",1,-2.02921340760603e-11,0.934752239643538,"M","1000"
"M_1000","Pro",2,-1.46967510217466e-11,0.918761991871658,"M","1000"
"M_1000","Pro",3,-2.39307533857596e-11,0.987551073558191,"M","1000"
"M_1000","Ser",1,-3.99605262240251e-11,0.973800010074024,"M","1000"
"M_1000","Ser",2,-3.66139357914476e-11,0.962561237232577,"M","1000"
"M_1000","Ser",3,-5.08101911473135e-11,0.931198183604495,"M","1000"
"M_1000","Thr",1,-5.32625250923647e-11,0.866558292606592,"M","1000"
"M_1000","Thr",2,-5.90099961432863e-11,0.949149891243025,"M","1000"
"M_1000","Thr",3,-7.26676928958746e-11,0.920021822235431,"M","1000"
"M_1000","Trp",3,-7.12631410031284e-12,0.94503510383774,"M","1000"
"M_1000","Tyr",2,-3.11015450612789e-11,0.909056261086973,"M","1000"
"M_1000","Tyr",3,-3.62545370159026e-11,0.981450812708546,"M","1000"
"M_1000","Val",2,-5.78194454462488e-11,0.974658863809439,"M","1000"
"M_1000","Val",3,-5.67104419169284e-11,0.96463790681544,"M","1000"
"TM_0","Arg",2,-1.06336150956353e-10,0.752344091223953,"TM","0"
"TM_0","Arg",3,-1.19532143254756e-10,0.87414209783989,"TM","0"
"TM_0","Asn",2,-8.99463596317525e-12,0.871019690832525,"TM","0"
"TM_0","Asn",3,-7.79403668553071e-12,0.847789196484067,"TM","0"
"TM_0","Cys",2,-1.19432600189378e-11,0.895663402292182,"TM","0"
"TM_0","Cys",3,-1.44372801372561e-11,0.814954043326994,"TM","0"
"TM_0","Glc",1,-2.52308691199034e-09,0.99614141317103,"TM","0"
"TM_0","Glc",2,-2.50295442049162e-09,0.993806169414901,"TM","0"
"TM_0","Glc",3,-2.59288431454495e-09,0.996747189552261,"TM","0"
"TM_0","Gln",1,-3.7118926747501e-10,0.932471462587469,"TM","0"
"TM_0","Gln",3,-2.96325374083168e-10,0.9886193099136,"TM","0"
"TM_0","Glu",1,-1.02225929025069e-11,0.946807485555228,"TM","0"
"TM_0","Glu",3,-5.94875010839909e-11,0.971392623140633,"TM","0"
"TM_0","Gly",1,-5.68951702881761e-11,0.809105286727262,"TM","0"
"TM_0","Gly",2,-4.69794700625699e-11,0.978877775969687,"TM","0"
"TM_0","Gly",3,-4.21651770594101e-11,0.93053329325794,"TM","0"
"TM_0","Ile",1,-5.39191370260579e-11,0.906229129685334,"TM","0"
"TM_0","Ile",2,-8.58469584277093e-11,0.762645893457917,"TM","0"
"TM_0","Ile",3,-6.26059614892742e-11,0.960450457257823,"TM","0"
"TM_0","Lac",1,1.79834153544349e-10,0.908182023643863,"TM","0"
"TM_0","Lac",2,3.69460761371151e-10,0.966260140885734,"TM","0"
"TM_0","Lac",3,3.8153104279231e-10,0.908862860575423,"TM","0"
"TM_0","Leu",1,-7.71916691184438e-11,0.974073448236766,"TM","0"
"TM_0","Leu",2,-8.1380166508646e-11,0.841185695345406,"TM","0"
"TM_0","Leu",3,-5.71472433408757e-11,0.965396925456644,"TM","0"
"TM_0","Met",1,-1.6181342059354e-11,0.931724411694436,"TM","0"
"TM_0","Met",2,-2.21649135069948e-11,0.918684001852745,"TM","0"
"TM_0","Met",3,-1.62808543972408e-11,0.937314184255991,"TM","0"
"TM_0","Phe",1,-3.49744033755727e-11,0.968222497661097,"TM","0"
"TM_0","Pro",1,-2.0418155845818e-11,0.986722330055407,"TM","0"
"TM_0","Pro",2,-2.09169919613778e-11,0.860940772910598,"TM","0"
"TM_0","Pro",3,-1.9846590146548e-11,0.982283577430301,"TM","0"
"TM_0","Ser",1,-2.60680834148513e-11,0.855296850674409,"TM","0"
"TM_0","Ser",2,-5.02026006089881e-11,0.968610021585486,"TM","0"
"TM_0","Ser",3,-5.20386348564118e-11,0.972714904639362,"TM","0"
"TM_0","Thr",1,-7.03327469557502e-11,0.919318450536191,"TM","0"
"TM_0","Thr",2,-5.92831952067295e-11,0.960883068129616,"TM","0"
"TM_0","Trp",3,-7.71118082872744e-12,0.966529768582046,"TM","0"
"TM_0","Tyr",1,-3.4341352987036e-11,0.977254611258874,"TM","0"
"TM_0","Tyr",2,-3.31799777968522e-11,0.901487807933547,"TM","0"
"TM_0","Tyr",3,-3.73889145348307e-11,0.975815606741029,"TM","0"
"TM_0","Val",2,-9.36002072101083e-11,0.923810617360569,"TM","0"
"TM_0","Val",3,-7.46119944686068e-11,0.951692273248931,"TM","0"
"TM_100","Arg",2,-1.39092689868598e-10,0.927358054752033,"TM","100"
"TM_100","Arg",3,-1.00742618601723e-10,0.989135730409135,"TM","100"
"TM_100","Asn",2,-9.68250443129209e-12,0.950126999891316,"TM","100"
"TM_100","Asn",3,-9.74269992384837e-12,0.916738992033356,"TM","100"
"TM_100","Cys",3,-4.93647260358053e-12,0.526375964638225,"TM","100"
"TM_100","Glc",1,-2.61873308667478e-09,0.995443844058595,"TM","100"
"TM_100","Glc",2,-2.60808704423809e-09,0.994135404290643,"TM","100"
"TM_100","Glc",3,-2.61366322142101e-09,0.99538965320635,"TM","100"
"TM_100","Gln",1,-2.93416467900987e-10,0.859736337015382,"TM","100"
"TM_100","Gln",3,-3.14853680056086e-10,0.984295931230901,"TM","100"
"TM_100","Glu",3,-8.37610017615684e-11,0.961434747676809,"TM","100"
"TM_100","Gly",1,-3.47232161477531e-11,0.674736916784021,"TM","100"
"TM_100","Gly",2,-4.25123773376359e-11,0.958901590458715,"TM","100"
"TM_100","Gly",3,-4.57390342370026e-11,0.949655064970831,"TM","100"
"TM_100","Ile",1,-6.08034170596022e-11,0.904491376627113,"TM","100"
"TM_100","Ile",2,-6.82939486731706e-11,0.924569355571863,"TM","100"
"TM_100","Ile",3,-7.25963831397239e-11,0.917441900261987,"TM","100"
"TM_100","Lac",1,2.16873753015793e-10,0.765874747079649,"TM","100"
"TM_100","Lac",2,4.14030493874605e-10,0.977034890275972,"TM","100"
"TM_100","Lac",3,4.64133770127837e-10,0.879988513910001,"TM","100"
"TM_100","Leu",1,-6.57401031520765e-11,0.94884592947503,"TM","100"
"TM_100","Leu",2,-7.34431177049212e-11,0.976849244362056,"TM","100"
"TM_100","Leu",3,-5.69235023139884e-11,0.980893414480012,"TM","100"
"TM_100","Met",1,-1.54473364578259e-11,0.907689733530052,"TM","100"
"TM_100","Met",2,-2.10253030699645e-11,0.901178593246374,"TM","100"
"TM_100","Met",3,-1.63367234478324e-11,0.980626726566276,"TM","100"
"TM_100","Phe",1,-3.34038629871068e-11,0.933760182085027,"TM","100"
"TM_100","Pro",1,-1.86757316698603e-11,0.962457465583838,"TM","100"
"TM_100","Pro",2,-1.76652388536826e-11,0.834247971424258,"TM","100"
"TM_100","Pro",3,-1.52452511106721e-11,0.795809978388266,"TM","100"
"TM_100","Ser",1,-3.72118542273151e-11,0.954077658266924,"TM","100"
"TM_100","Ser",2,-3.72046606051794e-11,0.979839480000677,"TM","100"
"TM_100","Ser",3,-4.35121897449309e-11,0.980076613984985,"TM","100"
"TM_100","Thr",1,-3.93163240183156e-11,0.710464702893594,"TM","100"
"TM_100","Thr",2,-7.45838935697546e-11,0.968556398734529,"TM","100"
"TM_100","Thr",3,-3.95779175286281e-11,0.744066784158442,"TM","100"
"TM_100","Trp",3,-5.10793331750052e-12,0.897185663200701,"TM","100"
"TM_100","Tyr",1,-3.44186602131727e-11,0.970321380535143,"TM","100"
"TM_100","Tyr",2,-4.49153333884431e-11,0.996028116109929,"TM","100"
"TM_100","Tyr",3,-3.37037458708991e-11,0.984764291073789,"TM","100"
"TM_100","Val",2,-7.09868172001176e-11,0.93941603751676,"TM","100"
"TM_100","Val",3,-7.48823651914032e-11,0.971648869226012,"TM","100"
"TM_1000","Arg",2,-1.22795030038861e-10,0.934847713755275,"TM","1000"
"TM_1000","Arg",3,-8.21868068506195e-11,0.887783340770949,"TM","1000"
"TM_1000","Asn",2,-1.04630505150457e-11,0.992157392210326,"TM","1000"
"TM_1000","Asn",3,-4.72389066556174e-12,0.767912417798722,"TM","1000"
"TM_1000","Cys",2,-1.00222665658302e-11,0.742453297613757,"TM","1000"
"TM_1000","Cys",3,-8.10853599232514e-12,0.743921328784584,"TM","1000"
"TM_1000","Glc",1,-2.61460273960887e-09,0.997778057384269,"TM","1000"
"TM_1000","Glc",2,-2.58205699833139e-09,0.996439115451674,"TM","1000"
"TM_1000","Glc",3,-2.66471669487865e-09,0.994703925787611,"TM","1000"
"TM_1000","Gln",1,-4.2994533002453e-10,0.855533449717195,"TM","1000"
"TM_1000","Gln",3,-2.40815795467205e-10,0.989536115028786,"TM","1000"
"TM_1000","Glu",1,-1.00199698981529e-11,0.907511595757226,"TM","1000"
"TM_1000","Glu",3,-6.42247985740953e-11,0.904996076558615,"TM","1000"
"TM_1000","Gly",1,-2.81276844342144e-11,0.947687097171952,"TM","1000"
"TM_1000","Gly",2,-4.52334010165414e-11,0.988371074093546,"TM","1000"
"TM_1000","Gly",3,-3.53859869872535e-11,0.904569341449109,"TM","1000"
"TM_1000","Ile",1,-5.45307863310553e-11,0.965741435898142,"TM","1000"
"TM_1000","Ile",2,-7.23441889946915e-11,0.906477393695639,"TM","1000"
"TM_1000","Ile",3,-4.60602642673287e-11,0.877234931949038,"TM","1000"
"TM_1000","Lac",1,2.86569067497963e-10,0.878240520790734,"TM","1000"
"TM_1000","Lac",2,4.84007545250744e-10,0.965291039444872,"TM","1000"
"TM_1000","Lac",3,4.73650207109234e-10,0.928972527902166,"TM","1000"
"TM_1000","Leu",1,-6.8220978619848e-11,0.934528694471044,"TM","1000"
"TM_1000","Leu",2,-8.26131318059826e-11,0.954401563665806,"TM","1000"
"TM_1000","Leu",3,-5.08353999103331e-11,0.758753140983942,"TM","1000"
"TM_1000","Met",1,-1.49702008259306e-11,0.884863614738335,"TM","1000"
"TM_1000","Met",2,-2.36045987619445e-11,0.954030261512737,"TM","1000"
"TM_1000","Met",3,-1.04383240872618e-11,0.711496112100435,"TM","1000"
"TM_1000","Phe",1,-2.75821494559e-11,0.977373261209493,"TM","1000"
"TM_1000","Pro",1,-1.97302454981527e-11,0.999012630945773,"TM","1000"
"TM_1000","Pro",2,-1.96022840540604e-11,0.904104057261865,"TM","1000"
"TM_1000","Pro",3,-1.41340387858948e-11,0.730006428921584,"TM","1000"
"TM_1000","Ser",1,-3.70373755493993e-11,0.970667735920612,"TM","1000"
"TM_1000","Ser",2,-3.83647919818762e-11,0.961045351140611,"TM","1000"
"TM_1000","Ser",3,-3.54335627687766e-11,0.941769851024078,"TM","1000"
"TM_1000","Thr",1,-4.19964576015723e-11,0.732726959024171,"TM","1000"
"TM_1000","Thr",2,-7.67814999462806e-11,0.965622703924285,"TM","1000"
"TM_1000","Thr",3,-5.76351054707598e-11,0.958369619595183,"TM","1000"
"TM_1000","Trp",3,-5.86898238648013e-12,0.901255397895801,"TM","1000"
"TM_1000","Tyr",1,-3.24048041438889e-11,0.918492428612266,"TM","1000"
"TM_1000","Tyr",2,-3.6004098161067e-11,0.980082939163124,"TM","1000"
"TM_1000","Tyr",3,-2.05930822265508e-11,0.60822714677113,"TM","1000"
"TM_1000","Val",2,-8.17356005061147e-11,0.956258439676581,"TM","1000"
"TM_1000","Val",3,-6.51226090667087e-11,0.97889193825176,"TM","1000"
"T_0","Arg",2,-1.06770160354562e-10,0.962652206392987,"T","0"
"T_0","Arg",3,-1.02708776476823e-10,0.959396707279073,"T","0"
"T_0","Asn",2,-9.56819119001473e-12,0.962772899685103,"T","0"
"T_0","Asn",3,-8.2635679644418e-12,0.981448305327068,"T","0"
"T_0","Cys",2,-1.56506059491868e-11,0.953085260223662,"T","0"
"T_0","Cys",3,-1.23115196334759e-11,0.797817779473679,"T","0"
"T_0","Glc",1,-2.54742760506505e-09,0.996728866821822,"T","0"
"T_0","Glc",2,-2.63779319803513e-09,0.998223916139409,"T","0"
"T_0","Glc",3,-2.64302374963435e-09,0.994940605539378,"T","0"
"T_0","Gln",1,-3.55584197347891e-10,0.959906827427599,"T","0"
"T_0","Glu",1,-7.29287052702943e-12,0.796837304394567,"T","0"
"T_0","Glu",3,-6.62262243885598e-11,0.946521609244619,"T","0"
"T_0","Gly",1,-3.23696243922297e-11,0.771408967941145,"T","0"
"T_0","Gly",2,-4.56941485866674e-11,0.94145650578645,"T","0"
"T_0","Gly",3,-5.17787756223408e-11,0.974031633777422,"T","0"
"T_0","Ile",1,-5.2342736298815e-11,0.984962556753637,"T","0"
"T_0","Ile",2,-5.21771544206835e-11,0.949999988209526,"T","0"
"T_0","Ile",3,-3.42244965105503e-11,0.800853590909211,"T","0"
"T_0","Lac",1,3.20811072311967e-10,0.784564006414526,"T","0"
"T_0","Lac",2,4.73190096429939e-10,0.856672006435464,"T","0"
"T_0","Lac",3,4.66907359231509e-10,0.847324674128692,"T","0"
"T_0","Leu",1,-5.71949106172323e-11,0.861204710014486,"T","0"
"T_0","Leu",2,-4.87462164858428e-11,0.97054728294769,"T","0"
"T_0","Leu",3,-3.49975976205678e-11,0.637599689136616,"T","0"
"T_0","Met",1,-1.63681984790764e-11,0.901218027629657,"T","0"
"T_0","Met",2,-1.73814711272641e-11,0.95493443511705,"T","0"
"T_0","Met",3,-1.918686735214e-11,0.979595786558353,"T","0"
"T_0","Phe",1,-3.26111325393438e-11,0.957718705945259,"T","0"
"T_0","Pro",1,-1.44090657326063e-11,0.700481690109884,"T","0"
"T_0","Pro",2,-2.31789742486533e-11,0.982963454303283,"T","0"
"T_0","Pro",3,-2.13297795926925e-11,0.930529574069006,"T","0"
"T_0","Ser",1,-3.33953910602509e-11,0.969706549999436,"T","0"
"T_0","Ser",2,-3.86698991179416e-11,0.962922379559602,"T","0"
"T_0","Ser",3,-4.73340223408643e-11,0.987542531612609,"T","0"
"T_0","Thr",1,-3.9803941114581e-11,0.806193958079388,"T","0"
"T_0","Thr",2,-7.69894979756721e-11,0.955476252844326,"T","0"
"T_0","Thr",3,-6.92099028414346e-11,0.948400873764753,"T","0"
"T_0","Trp",3,-7.22062530158116e-12,0.905203606424808,"T","0"
"T_0","Tyr",1,-3.02887846465306e-11,0.955078825891232,"T","0"
"T_0","Tyr",2,-3.10843992531089e-11,0.970056955679964,"T","0"
"T_0","Tyr",3,-3.13799616520323e-11,0.997456131604478,"T","0"
"T_0","Val",2,-7.44608472170232e-11,0.958390107242758,"T","0"
"T_0","Val",3,-6.77437293404184e-11,0.943273922500731,"T","0"
"T_100","Arg",2,-1.30416664181788e-10,0.967244137450251,"T","100"
"T_100","Arg",3,-1.00291262044801e-10,0.987652088394275,"T","100"
"T_100","Asn",2,-1.04092030567212e-11,0.696956104270963,"T","100"
"T_100","Asn",3,-1.12918941640666e-11,0.880888008244157,"T","100"
"T_100","Cys",3,-1.59872034981156e-11,0.91527015739984,"T","100"
"T_100","Glc",1,-2.59064498392654e-09,0.995097836090754,"T","100"
"T_100","Glc",2,-2.49472482732874e-09,0.988293144803061,"T","100"
"T_100","Glc",3,-2.63181529148212e-09,0.995419022762671,"T","100"
"T_100","Gln",1,-3.37946636360643e-10,0.843673755839474,"T","100"
"T_100","Gln",3,-2.88062767364086e-10,0.973473225027434,"T","100"
"T_100","Glu",1,-9.36504994532408e-12,0.806223994705736,"T","100"
"T_100","Glu",3,-4.64572307208219e-11,0.948632120150909,"T","100"
"T_100","Gly",1,-4.43365796129501e-11,0.916238539016639,"T","100"
"T_100","Gly",2,-3.27495275314981e-11,0.925788397464349,"T","100"
"T_100","Gly",3,-4.61281228591156e-11,0.983535424812516,"T","100"
"T_100","Ile",1,-7.5070896244727e-11,0.97826503196022,"T","100"
"T_100","Ile",2,-3.34152070984625e-11,0.687182768901984,"T","100"
"T_100","Ile",3,-3.19057346276524e-11,0.678774683812555,"T","100"
"T_100","Lac",1,2.28350461397231e-10,0.881227195482699,"T","100"
"T_100","Lac",2,4.40228919474859e-10,0.889969119147913,"T","100"
"T_100","Lac",3,3.5970034711569e-10,0.90671201377162,"T","100"
"T_100","Leu",1,-8.55877861983354e-11,0.957185193348969,"T","100"
"T_100","Leu",2,-5.86901110946195e-11,0.82390545614626,"T","100"
"T_100","Met",1,-1.40610359653773e-11,0.908674137739704,"T","100"
"T_100","Met",2,-1.92344296540882e-11,0.94237813584089,"T","100"
"T_100","Met",3,-1.62157511382132e-11,0.944955204989461,"T","100"
"T_100","Phe",1,-2.84281911908906e-11,0.932784428679358,"T","100"
"T_100","Pro",1,-1.60960863371074e-11,0.858792427405073,"T","100"
"T_100","Pro",2,-2.51586198936997e-11,0.691622530353603,"T","100"
"T_100","Pro",3,-1.78296951065494e-11,0.96098408974968,"T","100"
"T_100","Ser",1,-4.47486202786463e-11,0.956524226950032,"T","100"
"T_100","Ser",2,-4.10641252894291e-11,0.955150582222438,"T","100"
"T_100","Ser",3,-4.43039600396784e-11,0.966119656982762,"T","100"
"T_100","Thr",1,-6.30867104204701e-11,0.721468112357385,"T","100"
"T_100","Thr",2,-8.67821418882662e-11,0.912112663448012,"T","100"
"T_100","Thr",3,-5.21954726128202e-11,0.8492369033756,"T","100"
"T_100","Trp",3,-6.13925749520041e-12,0.955077398319567,"T","100"
"T_100","Tyr",1,-3.95051181064849e-11,0.984012978841686,"T","100"
"T_100","Tyr",2,-4.88003704945083e-11,0.921644067747014,"T","100"
"T_100","Tyr",3,-3.44334003054334e-11,0.983377676512417,"T","100"
"T_100","Val",2,-7.64976675899907e-11,0.930641019532417,"T","100"
"T_100","Val",3,-7.46141887692949e-11,0.965747654337932,"T","100"
"T_1000","Arg",2,-1.13075467586073e-10,0.962604819757025,"T","1000"
"T_1000","Arg",3,-1.00781128327458e-10,0.909520558781803,"T","1000"
"T_1000","Asn",2,-7.28486213468842e-12,0.899021171627676,"T","1000"
"T_1000","Asn",3,-7.89145742065277e-12,0.991310150895502,"T","1000"
"T_1000","Cys",2,-1.16518900880985e-11,0.618731787430233,"T","1000"
"T_1000","Cys",3,-9.53926518607339e-12,0.8411463882307,"T","1000"
"T_1000","Glc",1,-2.57321006396527e-09,0.995852041330607,"T","1000"
"T_1000","Glc",2,-2.60100124556885e-09,0.993899158941734,"T","1000"
"T_1000","Glc",3,-2.62283826405985e-09,0.993742833148584,"T","1000"
"T_1000","Gln",1,-3.81782254209775e-10,0.769156205644966,"T","1000"
"T_1000","Gln",3,-3.15668135545674e-10,0.985281851068099,"T","1000"
"T_1000","Glu",1,-5.6754644857808e-12,0.709304650229661,"T","1000"
"T_1000","Glu",3,-5.72256402848893e-11,0.782822041464653,"T","1000"
"T_1000","Gly",1,-4.21145483826085e-11,0.901411663234178,"T","1000"
"T_1000","Gly",2,-5.35083326358662e-11,0.751161487139865,"T","1000"
"T_1000","Gly",3,-3.24603192817164e-11,0.922546810372876,"T","1000"
"T_1000","Ile",1,-5.8815536072166e-11,0.981649329210162,"T","1000"
"T_1000","Ile",2,-7.38151499836654e-11,0.907577960993405,"T","1000"
"T_1000","Ile",3,-4.40781011328435e-11,0.834545067664838,"T","1000"
"T_1000","Lac",1,2.40138751706267e-10,0.787010365677436,"T","1000"
"T_1000","Lac",2,3.53112854092586e-10,0.982592814064327,"T","1000"
"T_1000","Lac",3,3.32782656012592e-10,0.976708360091349,"T","1000"
"T_1000","Leu",1,-7.66391407113147e-11,0.95426917976579,"T","1000"
"T_1000","Leu",2,-7.5349089113735e-11,0.904714789866059,"T","1000"
"T_1000","Leu",3,-4.2286451187561e-11,0.915776201285479,"T","1000"
"T_1000","Met",1,-1.67679419153222e-11,0.854236807639367,"T","1000"
"T_1000","Met",2,-2.03566523031515e-11,0.984947938844562,"T","1000"
"T_1000","Met",3,-1.87075792682418e-11,0.975531922955608,"T","1000"
"T_1000","Phe",1,-2.80729332264565e-11,0.910242403155601,"T","1000"
"T_1000","Pro",1,-1.69406722771332e-11,0.967295938465966,"T","1000"
"T_1000","Pro",2,-2.58211878320419e-11,0.91737227950428,"T","1000"
"T_1000","Pro",3,-1.96567761492197e-11,0.925010801258391,"T","1000"
"T_1000","Ser",1,-4.85999209426364e-11,0.964871228514925,"T","1000"
"T_1000","Ser",2,-4.55922109110629e-11,0.97722042468603,"T","1000"
"T_1000","Ser",3,-3.75686302777552e-11,0.961986553813148,"T","1000"
"T_1000","Thr",1,-7.17291430106464e-11,0.947934272817504,"T","1000"
"T_1000","Thr",2,-7.61260199871689e-11,0.952898983311819,"T","1000"
"T_1000","Thr",3,-7.00525780503505e-11,0.922025978404433,"T","1000"
"T_1000","Trp",3,-7.18067596264862e-12,0.92317543880848,"T","1000"
"T_1000","Tyr",1,-2.95093171289653e-11,0.960260736378407,"T","1000"
"T_1000","Tyr",2,-3.7795533656162e-11,0.998294686396507,"T","1000"
"T_1000","Tyr",3,-2.87017440593341e-11,0.995680289187523,"T","1000"
"T_1000","Val",2,-8.00135785439368e-11,0.990101502201308,"T","1000"
"T_1000","Val",3,-7.29569991930685e-11,0.968148922542151,"T","1000"
