EV_0,EV_1000,MYC_0,MYC_80,MYC_160,MYC_1000,TP53R175H_MYC_0,TP53R175H_MYC_80,TP53R175H_MYC_160,TP53R175H_MYC_1000,TP53R248Q_MYC_0,TP53R248Q_MYC_80,TP53R248Q_MYC_160,TP53R248Q_MYC_1000,TP53R273H_MYC_0,TP53R273H_MYC_80,TP53R273H_MYC_160,TP53R273H_MYC_1000,rxn,subsystem
-0.182847669030352,-0.171482064513588,-0.191666391385692,-0.00940416313460454,-0.023929615962629,-0.033130245348814,-0.115242842419119,-0.309408023103984,-0.0587136247289386,-0.451201302616564,-0.0132946587305346,-0.0101483630712952,-0.0610211055448494,-1.33471500869982,-0.00775400313575352,-0.214472708474377,-0.045419512482645,-0.0182200074043381,MAR00053,Transport reactions
-0.218394826013851,-0.215972126552202,-0.288378897143993,-0.175386901835895,-0.318508385591626,-0.27770110724958,-0.353397669015755,-0.387651378045893,-0.923972008777328,-0.769961744610168,-0.21196008718605,-0.0432570584296347,-0.639717214000315,-0.2809823922806,-0.273589023587723,-0.311025722805689,-0.583488405103643,-1.05238076946173,MAR00060,Transport reactions
-0.527018236852462,-0.520107573718803,-0.662516885027148,-0.225910927298212,-0.326705980874797,-0.0107500818742317,-0.301666549708186,-0.894307731410868,-0.000309277421238302,-0.00407160612899939,-0.47277044605239,-0.000903413361206504,-0.657781443917385,-0.0406852686032515,-0.127876194559787,-0.734536053283722,-0.659471401467037,-0.00121365178603485,MAR00102,Fatty acid oxidation
0.526687719717968,0.520008379668238,0.660610559997459,0.000203937801756901,0.00861093407487138,0.00502761636561537,0.000201930253395214,0.0230014665222225,2.31401713492407e-05,0.00340065178629489,0.47270373972344,0.000858191942618024,0.00962189749146378,0.0116307695034651,0.11674508701983,0.734382746348363,8.08141555478008e-05,0.00108874443958882,MAR00103,Fatty acid oxidation
0.526992692899344,0.52008601399381,0.662489451859296,0.225914468698224,0.32663563272291,0.0107099626566662,0.301635786040462,0.894827882904785,0.000300201096093728,0.0040330131147736,0.472756619023039,0.000903137166815263,0.656590270634722,0.0406617643010831,0.128623129737879,0.734505609560532,0.660279156640418,0.00119308360618944,MAR00104,Fatty acid oxidation
0.526963762798324,0.520064061925604,0.662430846595206,0.225695172692745,0.326490334603755,0.0101145447003135,0.301466398177098,0.894786588434015,0.000230900073708782,0.00338397274162077,0.472720662338427,0.000856948564526141,0.656111766061534,0.0405379538246156,0.128407540432533,0.734458910426187,0.659647038558582,0.00113916650299394,MAR00105,Fatty acid oxidation
-0.0185647964353181,-0.00907423887861089,0.000548481837797897,-0.731463741144853,0,-0.359556497178068,-7.99934409646955e-05,-0.354459738163944,-0.000121527636121121,-0.428580499023772,0.00146733741416369,0,-0.00372905837724414,-0.108396228952963,0.000426370376617136,-0.0442425392096737,-0.000540948176606925,-0.0371910733262344,MAR00124,Transport reactions
-2.54986980436656,-2.39041874701264,-3.38005787269777,-4.46310649750501,-3.4924698232074,-7.51348389927596,-3.62564371538004,-4.80771725443593,-5.35432948401276,-11.45886474817,-2.51438789706848,-1.77207013477255,-5.47633870026195,-9.94011091837795,-2.74990908666014,-2.96061853323584,-5.63908784436826,-5.94587731736562,MAR00155,Transport reactions
0.527871453348219,0.520407191413199,0.661282501384248,0.000254610685770772,0.0124701397821885,0.131669140817781,0.00439637574431568,0.0237548590386337,0.00725241802078662,0.00503621167913325,0.476726449664288,0.00171375311289851,0.0910164271402067,0.0119327395072483,0.173453797940187,0.739998316650602,0.00777870080596074,0.0237831447962911,MAR00226,Fatty acid activation (cytosolic)
0.541650661427214,0.492943804743467,0.760299973171974,0,0.606490460155695,0,0.634723654992961,1.40147723857739,4.86148005062786,2.016446068527,0.522899579516662,0,5.50374044415261,7.38859247547436,0.359393106983621,0.763413392593978,5.73473870055482,5.66898247616249,MAR00619,Exchange/demand reactions
-1.60719230132439,-1.49038317460469,-2.15968448261142,-4.03126055206047,-2.5891958876476,-3.89979656010353,-2.30367647179847,-2.24035780189422,0.979378978973339,-5.43589896531986,-1.89602139863025,-1.62944655131379,0.758570180718209,1.55082780730566,-1.89441925669096,-1.69884458657542,0.801772758337486,1.30468235636869,MAR01047,Transport reactions
0.213707703972687,0.209948202711936,0.279801624677586,0.193377601097836,0.274520215238332,0.57491247348521,0.302162112009346,0.497851625319766,0.777735363468337,0.762324827031539,0.210980841875487,0.0375305795536643,0.68642295593202,0.206665340652039,0.350813531479209,0.30883950880126,0.480144340851947,0.915682072451829,MAR01488,Fatty acid oxidation
0.213707703972687,0.209948202711936,0.279801624677586,0.193377601097836,0.274520215238332,0.57491247348521,0.302162112009346,0.497851625319766,0.777735363468337,0.762324827031539,0.210980841875487,0.0375305795536643,0.68642295593202,0.206665340652039,0.350813531479209,0.30883950880126,0.480144340851947,0.915682072451829,MAR01489,Fatty acid oxidation
0.213707703972687,0.209948202711936,0.279801624677586,0.193377601097836,0.274520215238332,0.57491247348521,0.302162112009346,0.497851625319766,0.777735363468337,0.762324827031539,0.210980841875487,0.0375305795536643,0.68642295593202,0.206665340652039,0.350813531479209,0.30883950880126,0.480144340851947,0.915682072451829,MAR01491,Fatty acid oxidation
-1.30840463130253,-1.36839868119322,-1.65626809839587,-1.01695170501833,-0.735008412886684,-6.33389210363475,-1.31862879613269,-1.57625672075707,-4.34036280220594,-11.2435219081092,-0.905745615697751,-0.350474155549777,-1.53712985020691,-7.82008967372095,-1.5908236640291,-1.95263044907458,-1.5865324042232,-5.06435010494967,MAR01527,Transport reactions
-0.106550070868853,-0.0949262610363398,-0.155893440054038,-0.447174352135626,-0.211539901973557,-0.395111514837646,-0.242812709327313,-0.0912150755478694,-0.934013202206936,-1.03091895568696,-0.0471547641278134,-0.0754341779735803,-0.706108969553508,-0.225730037380592,-0.313344322197677,-0.143498222007406,-0.760108898069242,-1.33291533108818,MAR01780,Transport reactions
0.00333556680017455,0.00299974305021761,0.00941907184098648,3.13306180155419e-05,0,0.955888647876297,0,0.00135357048089793,0,0,0,0,0,0,0,0.00263339770156516,0,0.00735094770829037,MAR01793,Transport reactions
0.13465377131892,0.153457847806828,0.162543976888416,0.191044905517374,0.251834544847742,0.344703153916102,0.33331778839621,0.204738666817678,0.283906979142045,0.45406276386884,0.148594713763725,0.19212952509546,0.374443757101456,0.446304878862604,0.321604880406576,0.223861088093424,0.323765295929897,0.323811495307059,MAR01869,Exchange/demand reactions
-0.527050311109474,-0.520112139059642,-0.663967845845611,-0.225976174247891,-0.326783531887384,-0.013706958089914,-0.301763443257803,-0.895692592175548,-0.000356201661682442,-0.012026274361223,-0.473292551973392,-0.000899275663861199,-0.658508300188941,-0.0420521869740511,-0.128104380696898,-0.734621001609394,-0.660293750035716,-0.00248097203657468,MAR02028,Fatty acid oxidation
0.120138817034244,0.113112431183106,0.163959589298519,0.042266335680883,0.179529743784122,0.0818587421566869,0.19070430735459,0.062374585141577,0.616867611563323,0.491283159574456,0.132734968887356,0.0213886346505982,0.483172088629613,0.255257207908315,0.195550357733781,0.17627628605422,0.416467254141404,0.733890576673666,MAR02151,Fatty acid biosynthesis
-0.173136656154367,-0.161948891522563,-0.203531069220742,-0.0827271139687843,0.00104772221302933,-0.265667352127465,0.00205783243141775,-0.422920337315871,0.00038700276364763,-0.524770871954916,-0.150716570081707,-0.0261907237241425,-0.489944203358715,0.218556476590711,-0.275351126897886,-0.266469585838888,-0.442838994892197,0.00158426513516289,MAR02225,Transport reactions
0.526687719717968,0.520008379668238,0.660610559997459,0.000203937801756901,0.00861093407487138,0.00502761636561537,0.000201930253395214,0.0230014665222225,2.31401713492407e-05,0.00340065178629489,0.47270373972344,0.000858191942618024,0.00962189749146378,0.0116307695034651,0.11674508701983,0.734382746348363,8.08141555478008e-05,0.00108874443958882,MAR02312,Fatty acid oxidation
0.00117425789980332,0.00103415531340337,0.00186056565674204,0.0963737492584492,0.056556569600358,0.0678193718317908,0.0624843168563367,0.0191137999108058,0.00832553537079251,0.931998234653757,0.00165547589646952,8.0135457365041e-10,0.0247165283685052,0.00215684559898999,0.0076132442937567,0.00396416659119935,0.0221060299027111,0.00585766720619425,MAR02352,Miscellaneous
0.260734721049943,0.285993830449261,0.273039330725418,0.150844532855518,0.131479741426831,0.128843225661484,0.213475142417756,0.475445478634928,0.0412708469491183,1.57454281490954,0.192203807635902,0.0109647474779065,0.131252875820938,1.71673791583685,0.0311637331918339,0.325355004025139,0.120369837312997,0.0815011699707273,MAR02358,Miscellaneous
-0.662772797742924,-0.615596733341616,-0.788750859369254,-0.164727943182847,-0.217385512224889,-0.0880235214119306,-0.289923479463497,-1.09085668811161,-0.153607833855903,-0.374280210748709,-0.607123020206666,-0.0289447419007543,-0.499287217711839,-0.414118490617141,-0.375771772303793,-0.876660444414543,-0.472805797597857,-0.185605837031896,MAR02406,Transport reactions
-0.662772797742924,-0.615596733341616,-0.788750859369254,-0.164727719183006,-0.217380237177783,-0.0879940578949578,-0.289923233444378,-1.09085668811161,0.943614111807581,-0.374280210748709,-0.607123020206666,-0.0289446552967395,-0.499286402261412,-0.414118490617141,-0.375771772303793,-0.876660444414543,-0.472776355897526,1.08486486052973,MAR02420,Transport reactions
0.662772797742924,0.615596733341616,0.788750859369254,0.164727719183006,0.217380237177783,0.091703175256547,0.289923233444378,1.09085668811161,-0.943614111807581,0.374280210748709,0.607123020206666,0.0289447419007543,0.499286402261412,0.414118490617141,0.375771772303793,0.876660444414543,0.472776355897526,-1.08486486052973,MAR02422,Transport reactions
0.234275007723117,0.221737675108446,0.297653229977477,0.224014621628226,0.321737880775686,0.387519987630619,0.35278001028973,0.46020026831944,0.964579833655894,0.758107202978695,0.21450224493248,0.0456882403160315,0.649589147134642,0.447593682222038,0.314708462590716,0.340474501388238,0.583739875985332,1.08817442999749,MAR02591,Carnitine shuttle (cytosolic)
-0.218394826013851,-0.215972126552202,-0.288378897143993,-0.175386901835895,-0.318508385591626,-0.27770110724958,-0.353397669015755,-0.387651378045893,-0.923972008777328,-0.769961744610168,-0.21196008718605,-0.0432570584296347,-0.639717214000315,-0.2809823922806,-0.273589023587723,-0.311025722805689,-0.583488405103643,-1.05238076946173,MAR02593,Carnitine shuttle (mitochondrial)
0.527018236852462,0.520107573718803,0.662516885027148,0.225910927298212,0.32670017750962,0.0107500818742317,0.301641393208988,0.894307731410868,0.000309277421238302,0.00407160612899939,0.47277044605239,0.000903413361206504,0.657781443917385,0.0406852686032515,0.127876194559787,0.73426522925876,0.659471401467037,0.00121365178603485,MAR02626,Carnitine shuttle (cytosolic)
-0.527018236852462,-0.520107573718803,-0.662516885027148,-0.225910927298212,-0.326705980874797,-0.0107500818742317,-0.301666549708186,-0.894307731410868,-0.000309277421238302,-0.00407160612899939,-0.47277044605239,-0.000903413361206504,-0.657781443917385,-0.0406852686032515,-0.127876194559787,-0.734536053283722,-0.659471401467037,-0.00121365178603485,MAR02630,Carnitine shuttle (mitochondrial)
0.000276043080355007,5.56822573627586e-05,0.00182028659774553,0.225491234890988,0.317879400528884,0.00508692833469847,0.301264467923703,0.871785121911789,0.000207759902359542,-1.66790446741224e-05,1.69226149945878e-05,-1.24337809187014e-06,0.64648986857007,0.0289071843211504,0.0116624534127025,7.61640778261421e-05,0.659566224403035,5.04220634051196e-05,MAR02633,Carnitine shuttle (cytosolic)
0.205919130439968,0.202588850745703,0.265550071208629,0.140255657726948,0.213597278169575,0.462712249371423,0.226003149139428,0.229725292094136,0.625906353086505,0.725032934376239,0.197057825068374,0.0291250030526298,0.560410731959025,0.136502279228292,0.341548502258651,0.290983434131786,0.367884396039299,0.741524974281051,MAR02711,Carnitine shuttle (cytosolic)
0.212977574520403,0.208781949894104,0.278310268671189,0.169650813482354,0.274226219835759,0.574663542314427,0.301998965909323,0.455413738424521,0.775240511561145,0.761173435855367,0.209520795482944,0.0375305795536643,0.685805681808891,0.206626021452997,0.350776415715338,0.307807785932029,0.479945417013942,0.91561216397237,MAR02712,Carnitine shuttle (mitochondrial)
-0.212977574520403,-0.208781949894104,-0.278310268671189,-0.169650813482354,-0.274226219835759,-0.574663542314427,-0.301998965909323,-0.455413738424521,-0.775240511561145,-0.761173435855367,-0.209520795482944,-0.0375305795536643,-0.685805681808891,-0.206626021452997,-0.350776415715338,-0.307807785932029,-0.479945417013942,-0.91561216397237,MAR02713,Carnitine shuttle (mitochondrial)
0.0206718762765149,0.0106690030005852,0.0140943172435875,0.0700954906615536,0.01270527134482,0.137019325866441,0.00855021839120228,0.0909693461746904,0.0491738476046713,0.0413590569893826,0.00600755650731257,0.00251207534057771,0.0142025943480024,0.239180413463756,0.0549079449089058,0.0380894916103972,0.00286566042275537,0.0484324751736971,MAR03026,Transport reactions
0.0777900353437418,0.0976454508835793,0.0612206797602335,0.0262912324209656,0.0518140824733087,0.408672880791391,0.190589072676188,0.0603008620244828,1.00041659067913,2.79960791312385,0.0361775714250666,0.0354113271025377,0.204551347899514,2.17341861435987,0.168775982418035,0.113856970966862,0.191119859365603,1.17358965515164,MAR03806,Arginine and proline metabolism
-0.000155437566537806,-0.0074715858347485,-0.00284927022793953,-0.000568157681758603,-0.00304817706537819,-0.385682259953828,-0.0302022287207694,-0.00774304617844532,-0.985123155685202,-2.76856819001013,-0.00223771798311296,-1.70324467820964e-07,-0.0982950137554745,-2.13511190352871,-0.00395024018773186,-0.000571004613659302,-0.101818309862186,-1.15127162050214,MAR03818,Transport reactions
-0.000155437566537806,-0.0074715858347485,-0.00284927022793953,-0.000568157681758603,-0.00304817706537819,-0.385682259953828,-0.0302022287207694,-0.00774304617844532,-0.985123155685202,-2.76856819001013,-0.00223771798311296,-1.70324467820964e-07,-0.0982950137554745,-2.13511190352871,-0.00395024018773186,-0.000571004613659302,-0.101818309862186,-1.15127162050214,MAR03819,Arginine and proline metabolism
0.0260591183534688,0.0259129043887165,-0.00813744781215368,-0.16262179080699,-0.0588399119672901,-0.14831184250026,-0.0952370323844274,-0.0873754348236508,-0.121369834890858,-0.158328802068089,-0.0875807601853633,0.0105509331147895,-0.105346426940472,-0.147123828763364,0.0633553709455613,0.0354855091023015,-0.070294814825159,-0.193242336558904,MAR03829,"Alanine, aspartate and glutamate metabolism"
0.000155437566537806,0.000207848724673228,0.00284927022793953,0.000187639469353611,0.000157584965079192,0.00015046300084244,6.76387454950619e-05,0.00261177292315269,0.000134210478931233,2.76856819001013,0.00217250970883689,0,0.0976017031360764,2.13511190352871,0.00379877580692601,0.000485737706021066,0.101598624947357,0.000191538837510539,MAR03833,Arginine and proline metabolism
0,0.00726373711007527,0,0.000380518212404992,0.002890592100299,0.385531796952985,0.0301345899752743,0.00513127325529263,0.98498894520627,0,6.52082742760742e-05,1.70324467820964e-07,0.000693310619398067,0,0.000151464380805852,8.52669076382359e-05,0.00021968491482906,1.15108008166463,MAR03835,Arginine and proline metabolism
0.136644439249578,0.118969918740143,0.172678232888669,0.0280880557837841,0.0193698558085956,0.0363478818341957,0.010262337854673,0.000486414489871036,0.0185432574715063,0.580686479060654,4.33918305845947e-05,2.72066069771159e-05,0.0232854973149027,0.0078562723933801,0.0297064815117603,0.201016468590037,0.028195224494415,0.0271685319248684,MAR03839,"Glycine, serine and threonine metabolism"
0.136644439249578,0.118969918740143,0.172678232888669,0.0280880557837841,0.0193698558085956,0.0363478818341957,0.010262337854673,0.000486414489871036,0.0185432574715063,0.580686479060654,4.33918305845947e-05,2.72066069771159e-05,0.0232854973149027,0.0078562723933801,0.0297064815117603,0.201016468590037,0.028195224494415,0.0271685319248684,MAR03841,"Glycine, serine and threonine metabolism"
0.136637551071167,0.118963271665855,0.172670131248867,0.0280807648569877,0.0193627513925452,0.0363359928481887,0.0102547605112232,0.000478622130005155,0.0185291630757038,0.580665477465699,3.77149157805939e-05,1.87314173403085e-05,0.0232711708897847,0.0078373227397556,0.0296974327969643,0.201007921934632,0.0281819872055529,0.0271520751930882,MAR03843,"Glycine, serine and threonine metabolism"
0.191485892236351,0.176695007954529,0.283892392509245,0.108306442320623,0.119656212538988,0.177491941883265,0.122414407718664,0.11510860694988,0.1320410370704,0.716371962058176,0.134110454952048,0.162689491375019,0.0944748616888386,0.116453766967615,0.129328649170515,0.299540438615645,0.0931931861138071,0.124916562820847,MAR03845,"Glycine, serine and threonine metabolism"
0.191341009818833,0.18970637879241,0.278671949818247,0.279427542917006,0.262203276503457,0.393098952197376,0.290169204456188,0.227686589834488,0.366041116295386,0.867677750854113,0.139169881584056,0.166213507977612,0.350187437493806,0.443395392126816,0.231054500311014,0.291528784231757,0.324087181395251,0.442072330804786,MAR03875,Cysteine and methionine metabolism
0.188148694813129,0.1823288335572,0.2760262066616,0.278677471861749,0.261255998930479,0.392887536531368,0.289957348139241,0.227676577824608,0.364524046564086,0.863161407528694,0.138759782040691,0.166161073664935,0.350098645835119,0.441810396456413,0.230610111210425,0.286640191485861,0.32403151697184,0.441087880575379,MAR03877,Cysteine and methionine metabolism
0.188148694813129,0.1823288335572,0.2760262066616,0.278677471861749,0.261255998930479,0.392887536531368,0.289957348139241,0.227676577824608,0.364524046564086,0.863161407528694,0.138759782040691,0.166161073664935,0.350098645835119,0.441810396456413,0.230610111210425,0.286640191485861,0.32403151697184,0.441087880575379,MAR03917,Cysteine and methionine metabolism
0.00276598653572788,0.00535062544816991,0.00155882935547598,0.00892397342474701,0.20758365286753,0.00608436298085119,0.222044713908893,0.017368057576699,0.697222286889387,0.0324388183949791,0.000321973997444729,0.00127398879292401,0.0691578909138785,0.515216054040731,0.0126712778617502,0.000581733870302316,0.0170217674420353,0.830236204502634,MAR03955,Miscellaneous
0.173185284782172,0.162064445975813,0.203567367991767,0.0827511027578305,0,0.269609635563541,1.35407114583648e-05,0.425960828967989,0,0.526238879686188,0.152759491704917,0.0261907237241425,0.49341152298234,3.1524761300641e-05,0.276814677595356,0.266549681125157,0.442873907600718,0,MAR03956,Arginine and proline metabolism
-0.247709013836808,-0.2961112011899,-0.264047821838356,-0.0386230555856816,-0.0305393468572808,-0.0362722511102255,-0.127727701048531,-0.439494077843172,0.0194274647283159,-0.620086217165285,-0.184962161501053,-0.0109647466765519,-0.0840266273568148,-1.6785641704527,-0.00338731565765254,-0.315088730256697,-0.0868712027482609,0.0247689651622756,MAR03968,Nucleotide metabolism
1.83748545691402e-06,5.50528318066188e-07,3.70242874445978e-06,0.00413965915268304,0.00376746109395469,1.06959420461234e-06,0.0184573906733274,0.0613023163422191,0.0956249578543093,0.231577344946266,2.2980006488878e-05,0,0.0144503436775489,0.247564177680674,0.00751861793705662,1.53344202101923e-06,0.0102498610321639,0.0517592174058706,MAR03969,Pyrimidine metabolism
0,0,7.68988725624586e-09,9.35693937791146e-05,0.000118661019906261,0.00017692348059332,0.000130203917188626,0,3.90830292228241e-05,0.954954862221816,2.74636756447513e-06,0,0.000553396553830304,0.000284125023216648,1.36594351700629e-05,0,0,1.08299883151699e-05,MAR03971,Transport reactions
0.775092674665997,0.739863253655457,1.05402461030494,1.3615702465861,0.87500180646863,1.05073137107776,0.906219185842735,1.2859009390034,1.27423288623257,2.26137876642066,0.7500534595887,0.533286379034832,1.17969319112403,1.88988380689614,0.680597235867159,1.0092647468653,1.20245926476955,1.67915859686739,MAR03977,Oxidative phosphorylation
0.0181215903928045,0.0374981835573309,0.0310401325508059,0.0159449628547842,0.121213784558696,0.0233025160257441,0.0294621051714761,0.0202868098061339,0.0373315554703383,0.203335211955425,0.051514247825557,0.000264326915924854,0.227547837029396,0.268697974773564,0.0853478635447376,0.03551709677137,0.0912970990393461,0.0678509051240579,MAR03980,ROS detoxification
0.514667847480995,0.518910978609432,0.660681749449218,0.000308999281194232,3.33546051788435e-06,1.45960499107322e-05,1.97493725782621e-05,0.00160040510686145,0.000950612525045962,3.18134124032081e-07,0.471085037692948,0,0.00590365439151228,2.23557562782617e-07,0.116059900006879,0.722653138694756,0.000869297684545318,0.00219646023410655,MAR03992,Nicotinate and nicotinamide metabolism
-0.40367529126206,-0.421642258210281,-0.558845981064529,-3.75281399876077,-0.473025858401902,-1.74825605208543,-0.410591079563746,-3.97204156165294,-0.592331934805967,-1.25274783760011,-0.435153508098295,-0.509202902860228,-4.75389672840836,-1.1859200189854,-0.396248578078977,-0.463444683716046,-4.61859668284417,-0.911168328112563,MAR04002,Purine metabolism
0.0640836388768122,0.0653527077865663,0.101592393382728,0.219530331627053,0.0875395026521745,0.199814635529899,0.131464722805248,0.171258295161151,0.265884041044468,0.223136930224954,0.120116804103678,0.00302966602040222,0.13187972045077,0.168905909282073,0.118681143814433,0.106348329952869,0.141287205152307,0.33965005127098,MAR04042,Purine metabolism
3.66391576319801,3.56804565765618,4.92757854037583,5.40348075214577,2.21685388714334,8.5111883965483,2.30152045170905,5.81146368624551,8.03552864536455,14.0351584378446,3.66602624538625,0.93537674093877,6.58438283544103,11.411014679736,4.04691539693919,4.59254374230908,6.45668331773134,9.72100763344252,MAR04044,Purine metabolism
0.00784952091178754,0.00212446648577256,0.00308126606444977,0.0159566829734284,0.0151191339299635,0.0258691077283122,0.0199284266459569,0.0161752315171757,0.0574935699283382,0.403861899079827,0.00353844389797941,0.000427698079035913,0.0102576755987361,0.194517811904972,0.040514071566095,0.00800730007732996,0.00230134116322673,0.0455149920565075,MAR04046,Purine metabolism
0.00360931595731073,4.25312054240404e-05,0.000145687029946332,0.0309521789287518,0.181352232220716,0.252743555182831,0.315422751797372,0.00405910385050181,0.282820820589108,2.72502282880334e-05,0.0143016332010337,0,0.322504213071403,0.00217641484629364,0.110262623039682,0.00266855379482917,0.279704401468937,0.319470134662425,MAR04054,Nucleotide metabolism
0.242117335029186,0.206443078566093,0.337562951645274,0.0252498007861208,0.285681291920108,0.0393911046655533,0.337336300809679,0.0229137810691216,0.401150654049479,0.0109083172595752,0.205125696461203,0.0142104402847141,0.0531407229747836,0.489509819452084,0.225535946226528,0.361491429804311,0.0488242284034744,0.490483666895547,MAR04083,Nucleotide metabolism
0.0632042904787446,0.0344840819631684,0.0807448362324476,-0.0566409952114659,0.122043019357992,-0.142969184739255,0.143680736660827,-0.122192938351499,0.247176224335265,0.204200445732298,0.110824961791477,-0.148436467451953,0.111872225596985,0.123491143847564,0.103154644304156,0.0919008362345457,0.135857041696989,0.313333807862223,MAR04085,Purine metabolism
0.110546988918622,0.10417217340543,0.151931722335904,4.75255075823532e-05,0.00105885530795569,0.000564362834050188,2.60243080385962e-05,0.00554915235497972,0.00255663408306349,0.61674736458462,0.129014402358471,0,0.0321334057234327,0.000196415050117628,0.0010979027000904,0.134866027313268,0.00771335110490395,4.29626808798991e-05,MAR04137,Glycolysis / Gluconeogenesis
0.0280477741066248,0.0304781399354442,-0.00636942594355678,-0.162593286162125,-0.0588399119672901,-0.110376002662292,-0.0952024265195324,-0.0554605926187629,-0.0918665130519065,-0.158328802068089,-0.0875807601853633,0.0105509331147895,-0.104581184579291,-0.142884168153444,0.0633776728806674,0.0360057624996522,-0.0695990507086968,-0.16162111032502,MAR04139,Tricarboxylic acid cycle and glyoxylate/dicarboxylate metabolism
4.86286278054191e-05,0.000115554453249973,3.62987710246743e-05,2.39887890462034e-05,0.000503458300662232,3.34659833226575e-05,0.00203554267985489,8.10894684984314e-05,0.00038700276364763,0.00136144766319508,0.00204292162321041,0,0.00343907636842113,0.218372613512471,0.00146355069746981,8.00952862689449e-05,3.49127085204756e-05,0.000513758560692355,MAR04143,Pyruvate metabolism
0.13079052081741,0.124303625046383,0.164478170104145,0.0925219122520746,0.0542917261471217,0.0861410779942953,0.0640360960586656,0.118336678341106,0.141569572783706,0.346737093422978,0.0435987140567899,0.0117392594597954,0.0544314596550937,0.145741584840673,0.207896415889603,0.179367022665932,0.0594437137324805,0.159672413426208,MAR04147,Tricarboxylic acid cycle and glyoxylate/dicarboxylate metabolism
0.157071121825556,0.140901587355722,0.189615079966871,0.089290455563118,0.201931414532993,0.24969667491859,0.210365943613801,0.437713055499946,0.692768071298541,0.553932378823589,0.142667313229469,0.0266495573612119,0.482974513777245,0.285139262182993,0.267416317206989,0.21555914750924,0.446724288452327,0.812666108434398,MAR04156,Fatty acid biosynthesis (even-chain)
0.00832696547356643,0.00599302307337849,0.0137167142736291,3.15803341432719e-05,2.43328086442602e-07,0.955889055077158,2.59525972135175e-07,0.00135383737123791,4.82736700082987e-07,0.000312843274423603,1.9443579969855e-07,2.90277436164484e-07,0.00176250269323978,6.49030535725775e-07,0.00187663438803415,0.00526269215928641,4.53380565786621e-07,0.00735151135560852,MAR04204,Thiamine metabolism
0.00832672955167512,0.00599279540936571,0.0137164367903715,3.13306180155419e-05,0,0.955888647876297,0,0.00135357048089793,0,0.000312123964366572,0,0,0.00176201200947569,0,0.00187632446721302,0.00526239943412906,0,0.00735094770829037,MAR04206,Thiamine metabolism
-0.119857044148629,-0.152620562851404,-0.0875346409966337,0.0862072483778949,-0.0472424802161693,-0.330136902809021,-0.262879752160452,-0.0784555398891734,-0.953692002588403,-0.693348921052412,-0.0321678332008013,-0.0563846595669334,-0.22617277258202,-2.15445674742342,-0.303772962417519,-0.174981766982621,-0.188921556162396,-1.13067201678151,MAR04237,Transport reactions
-0.000801243461749276,0.00632687722100209,0.00516755842266769,0.000333859855061279,0.00320018365640951,0.381679141114351,0.00325949079517553,0.0010872562459997,0.00144543817853763,0.0077593641917122,0.00336451500893023,-1.32212958326292e-05,0.0064133817095634,0.00438557639024354,0.00219571510382918,-0.00542952401097845,0.00610226310214679,0.00185359165222685,MAR04262,Nicotinate and nicotinamide metabolism
0.00414953366873569,0.00633867641120942,0.00518019698075964,0.00373853780799461,0.00321126654544821,0.381697687932524,0.00328429834551108,0.00109941232739039,0.00270467997185257,0.00779212667985293,0.00337337099602443,0,0.00643573093274718,0.00441513784989808,0.00220983109891134,0.00635005889613894,0.00612291327277181,0.00591230556897797,MAR04265,Nicotinate and nicotinamide metabolism
-0.0915897497731286,-0.0884450887420333,-0.150300291885473,0.135857671838836,0.0390287712530183,0.0933780366983631,0.0726816475116458,0.0193628888863439,0.0448649839241294,-0.500531056654531,-0.0918413581912631,0.0140493464929286,-0.0105537805574316,-0.176289868556578,0.0192613564577816,-0.11793035042241,0.0299672090688338,0.0467737268043163,MAR04280,Pyruvate metabolism
-0.311516021403361,-0.290242446707179,-0.291080328675507,-0.398515662277447,-0.297893584243383,-0.436698402868104,-0.240205100513139,-0.252765378106454,-0.298302898323148,-0.660244965220725,-0.108611480555938,-0.177421205725318,-0.782519934825959,-0.656199802857859,-0.153489483444919,-0.34618488647631,-0.542438696598764,-0.556854431251825,MAR04306,Pentose phosphate pathway
0.220329521070908,0.189980538260165,0.21839683614683,0.239498029615689,0.3768840724296,2.88032561161476,0.384699295541939,0.326656874463226,3.45085280477084,0.50004822144457,0.172842156187379,0,3.5680507572776,5.73795580938208,0.254084924233417,0.307054768370748,3.31395080452767,4.46075885012923,MAR04312,Transport reactions
1.50246504808909,1.37133376076966,1.89407219009683,1.90812784844511,2.07424905100857,0.199705632049534,2.48836583446359,2.1857854083823,0.164434807171475,0.408505832768177,1.43645903629435,4.64570424020316,0.373651254882972,0.204112188333449,4.279791388828,2.50202227703825,0.377748831766241,0.294059792127673,MAR04315,Fructose and mannose metabolism
-1.72279456916,-1.56131429902983,-2.11246902624366,-2.1476258780608,-2.45113312343817,-3.0800312436643,-2.87306513000552,-2.51244228284552,-3.61528761194231,-0.908554054212746,-1.60930119248174,-4.64570424020316,-3.94170201216057,-5.94206799771552,-4.53387631306141,-2.809077045409,-3.69169963629392,-4.75481864225689,MAR04316,Fructose and mannose metabolism
0.00203597543767874,0.000206465345273953,0.00461722184507939,0.00476562749265661,0.00135541445185986,0.0398946496968691,0,0,0,0,0.0479978091075508,0.000373528399229825,0.00782331458676805,0,2.05345708360643,0.00267050404611175,0.0220904855617806,0.0136338450070949,MAR04319,Fructose and mannose metabolism
1.4933491665442,1.36512721054341,1.88691752145782,1.86585448182262,2.06817929646081,0.159810982352665,2.48619728299026,2.1857854083823,0.155331283401532,0.405327996678384,1.38775079486313,4.64528712777595,0.21718496314761,0.197825341826869,2.22633430522162,2.49213043116261,0.234204637536374,0.280421326140847,MAR04321,Transport reactions
0.0152187711322821,0.0182196661558913,0.00783991812487045,0.0184043250032571,0.014942275016124,0.00155642163114431,0.085873965123998,0.0144641257282546,0.0137318994672344,0.0197885909947057,0.012208472407837,6.13603729704855e-05,0.00781139640926104,0.362681962430716,0.0318730523468515,0.0223965830253526,0.00460531996890408,0.00741829974882459,MAR04324,Glutathione metabolism
0.0149838460922104,0.0182196661558913,0.00783991812487045,0.0184043250032571,0.014942275016124,0.00155642163114431,0.085873965123998,0.0144641257282546,0.0137318994672344,0.0197885909947057,0.012208472407837,6.13603729704855e-05,0.00781139640926104,0.362681962430716,0.0150273175562392,0.0200520830531176,0.00460531996890408,0.00741829974882459,MAR04326,Glutathione metabolism
3.62426413286895,3.40659700328614,4.87490469084179,6.82385429527483,5.98458220527732,7.68853529985027,6.19162792016918,7.12981358386729,5.9648511390549,12.9024907083081,3.87005795152926,5.3559476172636,5.61256652791226,9.60727013445884,7.7505091616865,5.06894224601205,5.43680482477142,7.25453138890276,MAR04332,Folate metabolism
-3.51777352393711,-3.32097605311385,-4.71360975194249,-6.52736964764757,-5.91418303834485,-7.51109016996291,-6.11607067262405,-7.13914326055372,-5.24269905909092,-12.0011824795778,-3.82756867901431,-5.28124191147734,-5.16130967690663,-9.70506666082497,-7.53820999011603,-4.91493927140352,-4.90743519000417,-6.21900172885689,MAR04333,Folate metabolism
0.000802146613116871,0.0322920987942784,-0.0152831686367139,-0.127751854318998,-0.143023315319716,-0.248202396153949,-0.0837355640534172,0.0234159783968402,-0.347668096305237,0.303953833420217,-0.0121629294169556,-0.0539917828011656,-0.292311243020285,0.472268176703182,-0.147686877152412,0.0203965763139466,-0.218675028348367,-0.410001507599337,MAR04352,Pentose phosphate pathway
0.162688411955669,0.218292608859389,0.139455021919688,0.263492076036172,-0.0612868875112538,-0.132714479719504,0.0027175708687323,0.470831191136908,-0.350846431657024,0.796467474285164,0.0437247834266568,0.159509485887769,-0.0275668441187029,1.08170217153037,-0.124584488674191,0.212432365847277,-0.0428460880280858,-0.309891869727261,MAR04354,Pentose phosphate pathway
3.66506582250717,3.57045398820915,4.93215958993613,5.37073866748984,4.49877636040176,8.5769883015418,4.66648935147672,5.82275816548725,8.03827432803121,14.0386143098523,3.66758240986901,0.937847124482648,6.74011773449973,11.4186291432434,4.04158974527811,4.60380496754076,6.57860780912215,9.72195391588545,MAR04363,Glycolysis / Gluconeogenesis
-3.66506582250717,-3.57045398820915,-4.93215958993613,-5.37073866748984,-4.49877636040176,-8.5769883015418,-4.66648935147672,-5.82275816548725,-8.03827432803121,-14.0386143098523,-3.66758240986901,-0.937847124482648,-6.74011773449973,-11.4186291432434,-4.04158974527811,-4.60380496754076,-6.57860780912215,-9.72195391588545,MAR04365,Glycolysis / Gluconeogenesis
3.80006335949168,3.68714334422876,5.10275295030301,5.3987315676324,4.51815242626537,8.61334575215565,4.67675835739368,5.82323961175222,8.05674762663047,14.6122760285785,3.66597911580471,0.937881789256527,6.76341577771439,11.4265019807684,4.07130402248517,4.80482895718755,6.60681426346776,9.7491369297342,MAR04368,Glycolysis / Gluconeogenesis
-3.80006721687166,-3.6871470665904,-5.10275748722124,-5.39873565055141,-4.51815640473835,-8.61335240998784,-4.67676260070601,-5.82324397547374,-8.056755519492,-14.6122877894717,-3.66598229487697,-0.937886535362716,-6.76342380051254,-11.4265125925744,-4.07130908976547,-4.80483374331462,-6.60682167634956,-9.74914614550396,MAR04373,Glycolysis / Gluconeogenesis
-1.82907209801197,-1.7632257734085,-2.48769217100696,-2.61685369095444,-2.21896808090329,-4.26003237958764,-2.29198645524945,-2.84280305506566,-4.04374621934376,-7.06735334765969,-1.80419159123593,2.98326675215617e-05,-3.29104289100116,-5.45932163438971,-2.03949832037291,-2.32437742577765,-3.23777980702272,-4.83139603630876,MAR04375,Glycolysis / Gluconeogenesis
1.82606240007127,1.75305414869743,2.46332053596349,2.60716522706921,2.20977465572328,4.19594763842306,2.28363175056214,2.84026988729853,4.02489657074156,7.06506620380953,1.79954336214182,0,3.19257019588497,5.44794385101527,2.03354167808612,2.31969177784975,3.16561401088652,4.7580327047832,MAR04379,Glycolysis / Gluconeogenesis
-1.52544557273947,-1.45305421873754,-2.22527353828146,-2.36007673573131,-2.05835867183967,-4.03182700798759,-2.13430064869552,-2.56749148628884,-4.08755489056732,-6.11808212789117,-1.6848544655558,0.180449815240544,-2.62807090525748,-4.31704667006861,0.0194821245087786,-1.97829904145737,-2.76473147154357,-4.67152341278283,MAR04381,Glycolysis / Gluconeogenesis
0.50142020713317,0.470391769543358,0.761885474953924,-0.0313216994643489,0.101114160800927,-0.0497974092312082,0.1480247235536,0.0223561742113006,0.140369638171647,0.791493342823131,0.448506630079467,0.028106113189925,0.264549897422223,0.357616531746309,0.0419460630048836,0.690815149960009,0.357088280370868,0.238899365776845,MAR04388,Glycolysis / Gluconeogenesis
1.81144766603241,1.75869263996014,2.47671467619954,2.6699148937458,2.20676768146309,4.24741413836109,2.28371286763804,2.82803487947723,4.02988314290521,7.04654006302094,1.80055040059406,-0.0581968445703809,3.21163422286817,5.38818826022861,2.02677630878179,2.29677520871149,3.19110572391347,4.81731209198744,MAR04391,Glycolysis / Gluconeogenesis
1.88890565296501,1.79544863246542,2.58150487314804,0.113505444270978,0.0916804637725623,4.4756099720346,0.0622391843949149,0.0810174060095548,5.65502965253585,10.7362803058922,1.8611515954447,0.000327122802184483,0.33606108728814,6.1717199715899,0.150027983655133,2.38955853144569,0.234957047596643,6.25056018728213,MAR04394,Glycolysis / Gluconeogenesis
0.156505414454591,0.159595585053386,0.137922140223868,0.107347978688202,0.0773570694870409,0.0943376146895357,0.078260997518094,0.137751474567574,-0.0261455004916939,0.480607085383703,0.045962836412207,0.061738754592148,0.245192833955686,0.565971818249393,0.00291328103971975,0.182513979973544,0.161871711933401,0.07331916743581,MAR04404,Pentose phosphate pathway
0.520262035405876,0.578876312831164,0.625583592633466,0.494596141276824,0.267895420490112,0.531762387344461,0.340794647926226,1.68087265965441,-0.277368726820052,0.106959049226149,0.510219447843943,-0.000252577746342569,0.853802560045942,1.55448439228677,0.319236485563951,0.719576364470613,0.978844563294551,-0.339688840415145,MAR04408,Tricarboxylic acid cycle and glyoxylate/dicarboxylate metabolism
-0.515000628600136,-0.575851979434774,-0.591120393394308,-0.293944177314373,-0.197780954740582,-0.372421709431401,-0.223929595769196,-1.58707906826092,0.458231351953765,0.05836246856686,-0.414573750853959,-0.00755554391417537,-0.731540501732673,-1.51273595097308,-0.372638599718085,-0.694648824703109,-0.841541057498471,0.597750440069226,MAR04410,Tricarboxylic acid cycle and glyoxylate/dicarboxylate metabolism
0.160960836383219,0.156045562504516,0.239535604693614,0.22035599508681,0.118391945833466,3.04715605218156,0.203960600723254,0.422386638820648,0.373984840282112,0.982655562355665,0.179473532622364,0.00743160380053375,0.247119975416912,0.981258394685589,0.112427506575069,0.232506660506835,0.270036581941789,0.274747821971125,MAR04411,Transport reactions
-0.0640836388768122,-0.0653527077865663,-0.101592393382728,-0.219530331627053,-0.0875395026521745,-0.199814635529899,-0.131464722805248,-0.171258295161151,-0.265884041044468,-0.223136930224954,-0.120116804103678,-0.00302966602040222,-0.13187972045077,-0.168905909282073,-0.118681143814433,-0.106348329952869,-0.141287205152307,-0.33965005127098,MAR04412,Purine metabolism
-0.0631949818073156,-0.0645064668346431,-0.100778864461123,-0.219515657115642,-0.0872614423532105,-0.199826665058197,-0.131371930901404,-0.17079579456005,-0.263223769998559,-0.222076942985523,-0.121101675602031,-0.00302966602040222,-0.132071182595251,-0.168914642632511,-0.118469819724033,-0.107862653740887,-0.141304162652826,-0.33757299972131,MAR04418,Purine metabolism
0.138141816191958,0.160346646810482,0.169577851437164,0.191395581871018,0.254677280275874,0.345682454983663,0.370394980962756,0.219128338613226,0.285343217028593,0.45924050302922,0.151228958607086,0.200033800205212,0.375348846184562,0.45010864297811,0.331553401445086,0.234446433207375,0.327328929047511,0.336279248480822,MAR04422,Arginine and proline metabolism
0.13465377131892,0.153457847806828,0.162543976888416,0.191044905517374,0.251834544847742,0.344703153916102,0.33331778839621,0.204738666817678,0.283906979142045,0.45406276386884,0.148594713763725,0.19212952509546,0.374443757101456,0.446304878862604,0.321604880406576,0.223861088093424,0.323765295929897,0.323811495307059,MAR04423,Arginine and proline metabolism
0.541650661427214,0.492943804743467,0.760299973171974,0,0.606490460155695,0,0.634723654992961,1.40147723857739,4.86148005062786,2.016446068527,0.522899579516662,0,5.50374044415261,7.38859247547436,0.359393106983621,0.763413392593978,5.73473870055482,5.66898247616249,MAR04428,Histidine metabolism
0.277431642168633,0.244809245192475,0.412675342111663,0.118878102688031,0.189201983906584,-0.111789566442438,0.0871291055009552,0.406188372179212,0.0245782860925399,-1.49900846481181,0.282565373294323,0.00249587609778176,0.528458554394612,-1.56907821923991,0.101935795395213,0.432906801759459,0.52334919145008,-0.0218435872683543,MAR04440,Folate metabolism
-0.277431642168633,-0.244809245192475,-0.412675342111663,-0.118878102688031,-0.189201983906584,0.111789566442438,-0.0871291055009552,-0.406188372179212,-0.0245782860925399,1.49900846481181,-0.282565373294323,-0.00249587609778176,-0.528458554394612,1.56907821923991,-0.101935795395213,-0.432906801759459,-0.52334919145008,0.0218435872683543,MAR04444,Folate metabolism
0.0079447113971543,0.00621250462284027,0.0103085772543442,0.00070757209659393,0.0138409076465026,0.00227838933969882,0.0223957008155757,0.00966181640564858,0.369533844783139,1.28979740132233,0.000480862674481509,0.176144502597837,0.0448519423813939,1.75821054177598,0.235058901319618,0.00586380951959037,0.0311349694429142,0.369931140937515,MAR04446,Folate metabolism
0.363051652446325,0.347598393447952,0.457384020792945,0.287374062899759,0.271344707246604,0.423739392540484,0.382804489742785,0.527422784522941,0.053703826509886,0.0245653088229327,0.151573578096744,0.000164934138393662,0.366267808998574,0.0183148633802637,0.00330521302656112,0.495249090440649,0.33831606001157,0.0893767470422011,MAR04448,Folate metabolism
-0.000741359866119701,0.000392503690964068,0.00175571863642787,0.00945668794911488,-0.0239539142345799,-0.0302472998487401,-0.00151650196304972,-0.00108681141112164,0.0569998046674761,0.403184369432844,-0.000360659709681188,0.000145216765607438,0.0104777423447101,0.192169990034815,0.0364177241241671,0.0095251083696409,0.00211237967776056,0.0447187994614115,MAR04452,Purine metabolism
0.31220868229606,0.290285486817594,0.291127449084439,0.398605231497865,0.297923516323586,0.436877625533023,0.240257559089604,0.253512874520975,0.298325955613914,0.660280451043273,0.108680248262909,0.177469291985462,0.782696910931666,0.659675459795605,0.153513439231855,0.346276768057734,0.542545902346217,0.556884024281971,MAR04474,Pentose phosphate pathway
-0.00117528260472771,-0.000932072280220675,-0.00183975249583292,-0.0571346739377455,-0.0481535857234484,-0.0678978005772095,-0.0604480968910871,-0.0191654265580202,-0.00841815273199234,-0.932134174720235,-0.000509025056378969,-5.61631748733553e-05,-0.0246362862693691,-0.00215443846538916,-0.00607793233302092,-0.00393303875068308,-0.0221118862497513,-0.00596590952962261,MAR04480,Purine metabolism
0.261037937339333,0.281066551101083,0.264726168975437,0.129630103768271,0.00141073209217867,0.00295410593455132,0.0350098865288222,0.433830295773015,0.0011787704228046,0.63043691238517,0.170726739164868,0.0110019198850113,0.000940476629264214,1.67921143130036,0.00184213650878257,0.319440392326414,0.000522621980625106,0.00287537630234941,MAR04483,Nucleotide metabolism
-0.162826352552593,-0.210402715351388,-0.220709335886686,-0.0746535411195557,-0.0729447510013213,-0.109947685964874,-0.0470149773422173,-0.0520016004193958,-0.0134881760580419,-1.17976808809056,-0.116981491651156,-1.00145911085561,-0.0514794492418184,-0.106606894472963,-0.0271988057491814,-0.220950903690988,-0.0738414451106182,-0.0358591879867914,MAR04485,Pyrimidine metabolism
0.156505414454591,0.159595585053386,0.137922140223868,0.107347978688202,0.0773570694870409,0.0943376146895357,0.078260997518094,0.137751474567574,-0.0261455004916939,0.480607085383703,0.045962836412207,0.061738754592148,0.245192833955686,0.565971818249393,0.00291328103971975,0.182513979973544,0.161871711933401,0.07331916743581,MAR04501,Pentose phosphate pathway
0.00816139426018883,0.00258930550818973,0.0039179508967407,0.0160657645354757,1.49085144490245e-05,0.0260473341878309,1.46802072025985e-05,0.0161820230083288,0.0583968165659482,0.403875100040669,0.00238969345840364,0.000427698079035913,0.00928777793990013,0.194532897950482,0.0416085496200789,0.00903461454182177,0.00276366578432939,0.046571008905629,MAR04520,Purine metabolism
1.88161678889097,1.74781257074119,2.49435249668628,4.48783931704683,2.83168374939472,4.32803872749085,2.66993721455843,2.64098116743643,0.0133483306992266,6.9170835710404,1.95647101592438,1.71502938263608,0.00327434903547643,0.0096178878052637,2.20988891854359,2.05724096343959,0.00375610559496632,0.0464535457711294,MAR04548,Serotonin and melatonin biosynthesis
0.156505414454591,0.159595585053386,0.142525215325402,0.107347978688202,0.0773570694870409,0.0943376146895357,0.0784441551175203,0.137751474567574,-0.0261455004916939,0.480607085383703,0.0478558442153048,0.118472266211142,0.26166471705352,0.570481703058145,0.00291328103971975,0.186355655466035,0.169226714570889,0.07331916743581,MAR04565,Pentose phosphate pathway
0.00525059278306683,0.00408065436767928,0.010141577941515,0.000859151452177649,0.00189577813852119,0.00549252995978839,0.00133542362880692,0.00234587012605015,0.357432685973243,0,0.000777265389310437,0,0.00302315857390121,0.486532504058621,0.00177604539414806,0.0105240492761701,0.00136924112484488,0.406055229550676,MAR04572,Purine metabolism
0.227114005607532,0.263444233507838,0.254249957463544,0.0343008307371451,0.0218730701682188,0.0205685013967086,0.102309515805087,0.366884466083832,-0.0890058229981521,0.388500680091048,0.167870723051662,0.0094173504723824,0.0713978934413245,1.4464978493578,-0.00515061286965528,0.308011463060577,0.0689668189456875,-0.0360658557098414,MAR04579,Pyrimidine metabolism
0.0910531497314927,0.0911713101169176,0.137368435036413,0.168565475714336,0.209959010973401,0.325468352243633,0.21767588902224,0.167238678152135,0.287637181955931,0.431398674305111,0.127341137574075,0.164945355728277,0.30097556113682,0.414930371093463,0.174096964660573,0.146378939619302,0.272333349190813,0.332117127842796,MAR04582,"Glycine, serine and threonine metabolism"
-0.0910531497314927,-0.0911713101169176,-0.137368435036413,-0.168565475714336,-0.209959010973401,-0.325468352243633,-0.21767588902224,-0.167238678152135,-0.287637181955931,-0.431398674305111,-0.127341137574075,-0.164945355728277,-0.30097556113682,-0.414930371093463,-0.174096964660573,-0.146378939619302,-0.272333349190813,-0.332117127842796,MAR04583,Arginine and proline metabolism
0.119857044148629,0.152620562851404,0.0875346409966337,-0.0862072483778949,0.0472424802161693,0.330136902809021,0.262879752160452,0.0784555398891734,0.953692002588403,0.693348921052412,0.0321678332008013,0.0563846595669334,0.22617277258202,2.15445674742342,0.303772962417519,0.174981766982621,0.188921556162396,1.13067201678151,MAR04596,Lysine metabolism
-0.119865170054349,-0.152620562851404,-0.0876634017867268,0.0861988090063273,-0.0472424833426558,-0.330152057413737,-0.262896498712638,-0.0784555398891734,-0.953692119172849,-0.693348921052412,-0.0321700878878232,-0.0563846595669334,-0.22617277258202,-2.15445674742342,-0.303773678339352,-0.174981766982621,-0.190108555822965,-1.13067201678151,MAR04597,Lysine metabolism
0.310404997703162,0.28971717796795,0.266138362616876,0.398515662277447,0.297449172985211,0.40344240303155,0.224364454386448,0.249923171248733,0.246396417510628,0.65990260645131,0.108611480555938,0.177421205725318,0.685292883330079,0.639127806941172,0.13186612605582,0.307060639359272,0.496729164113068,0.446834226491471,MAR04625,Pentose phosphate pathway
0.00117555813186407,0.00103066049591344,0.0018401167155447,0.0571349655748184,0.0481538699000903,0.0678982761366495,0.060448435632338,0.019165738252415,0.00841878410881808,0.932135014784045,0.000509252132971125,5.65021824588274e-05,0.0246369969335505,0.00215519645153417,0.0076160027078018,0.00393338061689934,0.022112854429678,0.00596656779889397,MAR04633,Nucleotide metabolism
0.0185283592460416,0.0796765349493706,-0.0653332159330667,0.0292978753181911,-0.210800089857201,0.0216492062637386,-0.156485064533799,0.433433763900323,-0.368184707222676,0.631668456146901,-0.0134605704570924,-0.0032950526131955,0.0567996930317453,1.22539223052131,-0.201978431511252,-0.0391561142742964,0.0493689565023912,-0.414823370068683,MAR04637,Pyrimidine metabolism
0.0168925937026027,0.000602808633481137,0.000765968370776243,0.121911589957387,0.154033262758663,0.222197789172226,0.223661887716591,3.41345942578608e-05,0.303338449146016,0.000923572616493995,2.85917644738839e-05,0,0.242715524571765,1.5974157296126e-06,0.108649088302033,0.00696357991019956,0.196185056176624,0.366428495182263,MAR04642,Pyrimidine metabolism
-0.264601607539411,-0.281065034269242,-0.264813790209132,-0.160533968054921,-0.18258796467147,-0.255429129085942,-0.350382425692458,-0.437837762144695,-0.283906191954725,-0.620963438659512,-0.184990753265527,-0.0109457575114922,-0.322501494612662,-1.67815018211972,-0.112031717354309,-0.322052310166897,-0.280026801186548,-0.322236457461931,MAR04644,Pyrimidine metabolism
0.00552229294259233,0.00413431812297048,-0.000483164734143846,0.0147466600949232,0.0433448372583406,0.0569321928911867,0.0184551809065596,0.00131857287962892,-0.0304259647212891,-0.366216364213389,0.00444165404711709,0,0.0138022557666528,-0.14935150638596,-0.0128496372335884,-0.00144215775714993,0.00955832692057519,0.0215108538321712,MAR04651,Purine metabolism
0.37109221647125,0.366685984441539,0.42610872910842,0.457018615682247,0.252987131603873,0.432874258973349,0.425939673237594,0.428508085458212,1.00605827191869,1.52227166738991,0.227480025780553,0.0856514632977753,0.773758345618343,1.58035365575365,0.324330888924792,0.476055284775429,0.809396435953811,1.35776611750788,MAR04654,Folate metabolism
0.00785600501827951,0.00222707730587501,0.00318277914019223,0.0160688815692984,0.0151008141807155,0.0260564341619088,0.0199466098370435,0.0161820230083288,0.057541798908883,0.403875100040669,0.00239039747291655,0.000427698079035913,0.0108680462662645,0.19453335793846,0.0406292922292434,0.00815531133707938,0.0129388158463292,0.0455756130141626,MAR04664,Purine metabolism
0.244931052719573,0.279461955383492,0.268806643697549,0.00855277987271458,0.0306641932933045,0.0352781034406483,0.129103175522464,0.443429385314605,0.0097598038591725,0.624062073619683,0.182157962565544,0.0106368251591363,0.0840696665069547,1.67913886963973,0.00349864793885555,0.312797496682926,0.0856172701281003,0.0144465375756448,MAR04675,Pyrimidine metabolism
0.155055122917285,0.199045870568296,0.212758574886747,-0.11720470883037,-0.147257993176899,-0.204820580960531,-0.219435492485772,0.0166500563809359,-0.298976003225398,0.19806512147971,0.0876341203109746,0.00936388714650885,-0.226313668782039,0.0437913988546475,-0.107268904776418,0.205734708752675,-0.167345124616581,-0.33037813882943,MAR04680,Nucleotide metabolism
0.00119810378796727,0.0022666812865345,0.00481841924941481,0.0602346836766496,0.0505389338739228,0.0690010471966983,0.0643292229722752,0.0206957255325307,0.0100513756662408,0.938171524040248,0.0110764124518403,0.000839325255355443,0.0271745186324409,0.00488024457179008,0.0109386218351444,0.00415721537406161,0.0227723113163424,0.00783776584244832,MAR04695,Purine metabolism
5.10246127360113e-07,-0.00107185354948552,-0.00297271051480597,0.105704348639826,0.135207040982471,0.207510244861261,0.163281152139833,-1.81614834969798e-06,0.266562795729551,-0.000184922790741948,-0.00179584772769664,0,0.196128648242751,0,0.101588441139123,-0.000132679859106035,0.183536099113351,0.265529346928621,MAR04709,Purine metabolism
0.125244563058511,0.11962825662687,0.156223108019072,0.122211727329217,0.072699804057989,0.0952348185100334,0.0979128721904305,0.12906661784541,0.152127245269188,0.353592919003359,0.0419892986286222,0.0148363041451926,0.0547917722157203,0.180500437775166,0.202161467949023,0.172064478499054,0.0348474076307582,0.17568150214653,MAR04742,"Glycine, serine and threonine metabolism"
-0.131622642086727,-0.12479486760075,-0.167047699256158,-0.122211730839807,-0.0728471603421972,-0.0952348190192354,-0.0981422660998794,-0.129066627316426,-0.152128895999169,-0.353592934480803,-0.0439359521837439,-0.0148363047862763,-0.0907689897398725,-0.180500475405289,-0.211192438105801,-0.193201737973919,-0.0636003176828791,-0.175683442465738,MAR04743,Transport reactions
-0.00807885544727998,-0.00989933896034233,-0.00419850267135082,-0.0464130257751786,-0.00848180118984908,-0.00738240898595609,-0.0184573906733274,-0.0613023163422191,-0.104728481624253,-0.231577344946266,-0.000730497467898024,-4.08667787661166e-06,-0.0144503436775489,-0.248257920364577,-0.00874335915239776,-0.0102231463269565,-0.0181880959477672,-0.0517592174058706,MAR04774,Galactose metabolism
-0.00807885544727998,-0.00989933896034233,-0.00419850267135082,-0.0464130257751786,-0.00848180118984908,-0.00738240898595609,-0.0184573906733274,-0.0613023163422191,-0.104728481624253,-0.231577344946266,-0.000730497467898024,-4.08667787661166e-06,-0.0144503436775489,-0.248257920364577,-0.00874335915239776,-0.0102231463269565,-0.0181880959477672,-0.0517592174058706,MAR04775,Galactose metabolism
0.459445075782583,0.419935684174553,0.637792824240756,0.44744717756229,0.175887502585837,0.440598457772526,0.29518113218682,0.410271107384484,1.09950284316906,1.00327761358086,0.437522561833822,0.0137429531469405,0.525423509576496,1.59774914057753,0.205286938873695,0.678127738912592,0.470968229921545,1.15685838314185,MAR04843,Transport reactions
-0.0751111840395546,-0.0713663155229972,-0.133587933542267,-0.342278581820647,-0.301101629457814,-0.519535349274046,-0.372011161620202,-0.277634592958925,-0.608641630870244,-0.632559955317476,-0.160879276768455,-0.0034573640994381,-0.36584160116114,-0.481398989847118,-0.279356099436674,-0.122493349787321,-0.345781808445426,-0.685017041516974,MAR04848,Transport reactions
-0.390526063586172,-0.351943469669206,-0.414285954915814,-0.140306935421595,-0.0623481852019493,-0.0901543799457184,-0.0883944287288197,-0.517743301958205,0.90538797683324,0.604905398653657,-0.21431081968546,-0.0144690308741058,0.126476934809171,-0.0467038358865629,-0.216962706283116,-0.495325357817484,0.0446124617540483,1.05659801723117,MAR04852,Transport reactions
0.00155113263891454,0.00668692650726968,0.0125986052225678,0.00405406052624879,0.000980959508354988,0.00792134520647846,0.0111365802116672,0.00487217374963732,1.20546430090346,3.90156015257673,-7.24004051928514e-05,-0.00010732580498713,0.67846176205314,1.17967561321159,0.00770698025812745,0.0035926567982873,0.540460063826526,0.956228550993442,MAR04861,Transport reactions
0.0732885746194192,0.0598247419467201,0.0918019470771725,0.0728830642019074,0.0338341477943205,0.0426281529875536,0.0471866706917666,0.0404144905976203,0.0478065255502708,0.287875903551632,0.00750433884683234,0.00080989806956532,0.0322006602971664,0.0167770369794777,0.0358125227911596,0.0876857702427992,0.0344077620004648,0.0705605571515672,MAR04863,Transport reactions
0.0720218908573707,0.0643857007882265,0.0414365019641614,0.150132633236187,0.166163818032942,0.22198997578655,0.321212467465328,0.350225267310309,0.204938983922674,0.190426366165748,0.079996699566881,5.34633258735493e-05,0.294323156138294,1.40268715874579,0.0994527723679696,0.102116884433044,0.232752231822262,0.288977588733421,MAR04882,Transport reactions
5.61374273008162,5.33970631646969,7.59757609944137,10.3607685233196,7.43453678295397,16.4819618986545,7.15893034711258,8.95565029173039,4.17407633860541,20.2822706114131,5.88703894987259,1.74734263100125,3.10001703912442,4.57101392719087,6.39146203407163,6.6887159419343,2.78863399097005,4.66326395241647,MAR04885,Transport reactions
-2.73696617431711,-2.62978220388681,-3.55449293627757,-5.16651203845028,-3.57171716994517,-5.01180342221723,-3.41644258739348,-4.56066152455399,-0.660310076598766,-8.28394607265537,-2.65154239145279,-1.76574152527229,-1.51760939620974,-0.743202084324233,-2.6840002202157,-3.26115605757831,-1.26872369742616,-0.826989792972253,MAR04896,Transport reactions
0.0953657334424122,0.0804932123814661,0.105624832867236,0.101937727657856,0.120328297983228,0.0811580830259069,0.188472030208531,0.0864565453554324,0.26657114836181,0.124006578070978,0.0859727852753099,0.0184047270120935,0.215046813243662,0.125673400235497,0.0558264539882208,0.149265110510937,0.175921210289372,0.351444765347967,MAR04898,Transport reactions
1.30014479392015,1.20859850282891,1.6664699080355,0.854536560059834,1.15177933215001,0.713748944167289,1.21793384298995,2.00990714062305,5.66272003731625,4.77277782613734,0.877150059800009,0.219204451709522,6.68888807757498,8.38287235882993,0.93201804635994,1.74711069663429,6.63684533540424,6.7810479766309,MAR04919,Transport reactions
-0.0885514360995914,-0.0875248824135169,-0.159676613374943,-0.103768477995453,-0.103256495601083,0.154104506259468,-0.157584929553567,0.262117868637798,-0.202903490524112,-0.458963593662238,-0.0295142485573199,0.00491415819974998,0.259931221899343,-0.332560441087042,0.0500059893330094,-0.127930191384246,0.283965678021548,-0.226966807473009,MAR04922,Transport reactions
0.202707467047236,0.228991209296998,0.240343690672338,0.121315123055024,0.0764016665400057,0.442881413814631,0.148431580524636,0.152418896329448,0.995965472425105,2.91027135370645,0.0995110271183042,0.0512651323289767,0.227731091372886,1.73857083772738,0.20116094848752,0.319086835551348,0.202986090438272,1.27876700371952,MAR04932,Transport reactions
0.4379453884112,0.421109741701633,0.453455896078216,0.181948432552218,0.119142583667572,0.498126459536143,0.285052969390785,0.564562753574314,0.0405923601722439,0.121359932756503,0.244055464419036,0.0502258721833197,0.0403078319023499,2.13074292635172,0.368116575731258,0.56133136571409,0.0383132302009853,0.069766552163199,MAR04940,Transport reactions
0.22882030515382,0.198777549163369,0.224104738027276,0.0351289609271091,0.00506753091920711,0.000175682782606058,0.012812401012146,0.393024954233465,0.00112153380127885,0.000842614729048985,0.164674340490109,0.000127776373256949,0.0283129781495063,0.016226908139313,0.00451038830175273,0.255637525918075,0.0320743801596909,0.000616961887601022,MAR04957,Transport reactions
0.444626211479661,0.421437825529935,0.567010590850332,0.154471289674993,0.219306922800627,0.132030188654658,0.285569659980667,0.729757797081233,0.188686752577747,0.377890478664671,0.444262849442759,0.0288291698005741,0.474931616007169,0.40351797518987,0.376506685412773,0.621555479077606,0.442781624436089,0.226625201707224,MAR04964,Transport reactions
0.162826352552593,0.210402715351388,0.220709335886686,0.0746535411195557,0.0729447510013213,0.109947685964874,0.0470149773422173,0.0520016004193958,0.0134881760580419,1.17976808809056,0.116981491651156,1.00145911085561,0.0514794492418184,0.106606894472963,0.0271988057491814,0.220950903690988,0.0738414451106182,0.0358591879867914,MAR04980,Transport reactions
0.0910531497314927,0.0911713101169176,0.137368435036413,0.168565475714336,0.209959010973401,0.325468352243633,0.21767588902224,0.167238678152135,0.287637181955931,0.431398674305111,0.127341137574075,0.164945355728277,0.30097556113682,0.414930371093463,0.174096964660573,0.146378939619302,0.272333349190813,0.332117127842796,MAR04992,Transport reactions
0.541650661427214,0.492943804743467,0.760299973171974,0,0.606490460155695,0,0.634723654992961,1.40147723857739,4.86148005062786,2.016446068527,0.522899579516662,0,5.50374044415261,7.38859247547436,0.359393106983621,0.763413392593978,5.73473870055482,5.66898247616249,MAR04999,Transport reactions
-3.61075211468002,-3.35898638701061,-4.69725369039405,-4.91730116014045,-4.82274354590769,-7.56239695711402,-5.27412477918925,-5.35964799995898,-9.26131818195597,-11.6448342814039,-3.47014304464255,-4.64603160233857,-8.07397003856745,-12.1147004592784,-4.68303148014387,-5.20548249073503,-7.58009422815293,-10.9925354937362,MAR05029,Transport reactions
0.240992003499624,0.20524508903425,0.336467228213875,0.0251832331764776,0.285681291920108,0.0393911046655533,0.307432530597565,0.0229137810691216,0.401150654049479,0.0109083172595752,0.203976333063252,0.0142104402847141,0.0496612127079144,0.489215679335128,0.225535946226528,0.360498829814424,0.0488242284034744,0.490483666895547,MAR05031,Transport reactions
0.261037937339333,0.281066551101083,0.264721790157317,0.129630103768271,0.00128281114574035,0.00276435841432341,0.0350098865288222,0.433830295773015,0.0011787704228046,0.621075359290092,0.170726739164868,0.0110019198850113,9.22181825787627e-05,1.67859150247533,0.00182905725611083,0.319440392326414,0.00041011900099039,0.00287537630234941,MAR05033,Transport reactions
-0.427473605849236,-0.491511797657888,-0.485576813073948,-0.235235823816582,-0.255579794367776,-0.365455599562025,-0.39744761566841,-0.489891000042921,-0.297487767069955,-1.8008706976089,-0.302009864017058,-1.01246103074063,-0.374075880495799,-1.78488264989195,-0.139290486044974,-0.543059849812235,-0.353955965580541,-0.358204698951566,MAR05034,Transport reactions
0.0063291563707395,0.000363040368784818,0.00213273499890303,0.00110059107281831,0.00103895844697067,0.0234955934215211,0.00480794360632768,0.0155190280013214,0.0563396755209627,0.388674727303891,0.00114447499474698,0,0.00821624348465535,0.184952085606679,0.0329049324165004,0.00774426493439269,0.00183390172284493,0.0427408234344017,MAR05037,Transport reactions
0.0627977964302134,0.0110584581813583,0.0176665190883688,0.052385603778023,0.0318121603747022,0.115268234841183,0.0436706987700579,0.00145269695311403,0.968427476595845,0.0142101588060863,0.00567178758083543,0.045892086612683,0.121848957375251,0.0562144641796948,0.0403736417877874,0.0518945805116839,0.0906418241153021,1.09907093865593,MAR05043,Transport reactions
-0.538332093213601,-0.474523439201111,-0.804698665874874,-0.0678988989557582,-0.630929940053688,-0.0551990473913635,-0.537298070497336,-1.42417383691371,-4.91865629232138,-2.21099334435429,-0.542226440018531,0.00849083164379484,-5.47565070140085,-7.45162423517778,-0.25252984017303,-0.737899054213509,-5.72976346108439,-5.76752824436443,MAR05070,Transport reactions
-0.0838375148744633,-0.0875631800938168,-0.12970581597926,-0.160911004256972,-0.128274557827759,-0.125897547152983,-0.167289914084663,-0.142513099901347,-0.239123302501544,-0.768721383074617,-0.11294052365666,-0.118735112777163,-0.211449105560885,-0.296303040721669,-0.129880586280326,-0.120653230530846,-0.18886073969031,-0.24339356679408,MAR05074,Transport reactions
-0.27814081995046,-0.27685265157954,-0.332610292133031,-0.587911475810617,-0.50685475964037,-0.262528151657638,-0.684966289660572,-0.515290372267325,0.248415513678775,1.89986554458193,-0.410019656839426,-0.269820330016808,-0.591475038459341,0.110762558668722,-0.54103264631182,-0.377172824262254,-0.561547783261506,0.316151299728129,MAR05078,Transport reactions
0.000106668474115478,6.89227954142721e-05,0.000501334052051187,9.30164094076131e-06,0.00668190172761258,0.000508842827539053,0.0128649233575909,4.73550798544688e-09,0,2.07364583081731,2.04427001182158e-05,0,0.00936346990085956,0.006530952948297,0.0075225915523867,5.86925286940536e-05,0.0123334711578018,0.00498036812163292,MAR05122,Transport reactions
0.131622642086727,0.12479486760075,0.167047699256158,0.122211730839807,0.0728471603421972,0.0952348190192354,0.0981422660998794,0.129066627316426,0.152128895999169,0.353592934480803,0.0439359521837439,0.0148363047862763,0.0907689897398725,0.180500475405289,0.211192438105801,0.193201737973919,0.0636003176828791,0.175683442465738,MAR05124,Transport reactions
-0.242463932336059,-0.201345968114449,-0.330001319112247,-0.100283913807977,-0.212035822307956,0.0189636323606222,-0.191444738428882,-0.000344894393869291,-0.369270078588288,0.010732267715682,-0.184149690521585,-0.014240810124688,0.0568024114904855,-0.453073698654702,-0.203747525825877,-0.358539870646366,0.0490465567847807,-0.417589692868197,MAR05304,Transport reactions
0.0617931127604449,0.0570428925738085,0.0435569202752686,0.0191954455783694,0.0665014541418229,0.0804953103438576,0.224784763591477,0.0429607898579086,0.123877627386892,0.235194109484225,0.0355719523271145,0.00141282484359149,0.159003327530484,0.652756157048669,0.0487606788356732,0.0600829709922793,0.128525193296699,0.130760824862061,MAR05330,Transport reactions
0.0803576492670829,0.0864485826948406,0.150300291885473,-0.135857671838836,-0.0390287712530183,-0.0933780366983631,-0.0726816475116458,-0.0193628888863439,-0.0448649839241294,0.500531056654531,0.0918413581912631,-0.0140493464929286,0.00993613229614645,0.176289868556578,-0.0192613564577816,0.0994903570680801,-0.0299672090688338,-0.0467737268043163,MAR05411,Transport reactions
0.0888955057931395,0.0992289816198845,0.0653540925126515,0.259364266331822,0.247888460763303,-0.0773779444258244,0.34654531938299,0.258056591127814,-0.594939702348219,-2.68695785211302,0.120669074780199,0.0572183496356761,0.287584040534288,-0.813998491660089,0.304198276615549,0.097669256160833,0.248321920906458,-0.669175053430556,MAR05459,Transport reactions
-0.0177363901198492,-0.0209620814557186,-0.0115274510129765,-0.0220598400758396,-0.018503245751541,-0.00534419721931765,-0.0744597768978709,-0.017979600589817,-0.0180936764008393,-0.0255562728008774,-0.0152614799980714,-0.00199112605050173,-0.0128312698303976,-0.369090429112337,-0.0105057040897446,-0.0257767342198459,-0.0343436651215611,-0.0147484413298419,MAR05465,Transport reactions
0.0150268243622354,0.00828357662162719,0.0178641872872925,0.0196797703324891,0.0175137392167216,-0.365132791741594,-0.015166255007004,0.0118250885575735,-0.967012521483185,-2.73965531879563,0.0151606903681751,0.00931031912841911,-0.0760424947905117,-2.10216597825953,0.010669865570715,0.0152889273911789,-0.0780647693572494,-1.11940747148741,MAR05467,Transport reactions
-0.143447900912054,-0.132677235400031,-0.213089443889924,-0.29283485146609,-0.219589005078612,-0.294742621420856,-0.300264874629346,-0.217254884075357,-0.27266834471616,-0.203687035597605,-0.243672666198022,-0.202994957063605,-0.281029393897954,-0.478039247445693,-0.171871375492533,-0.215325719443603,-0.295229109876257,-0.278714564298053,MAR05473,Transport reactions
-0.097450233910036,-0.0975571326278554,-0.146084272852346,-0.176938341860445,-0.217534912587974,-0.334491343554311,-0.223647539951948,-0.175496799070141,-0.294464003832555,-0.443262899639963,-0.134169775920576,-0.169528262299606,-0.311038959294782,-0.428109239609504,-0.180435485624035,-0.153242193177897,-0.282769568162954,-0.345044719367458,MAR05578,Transport reactions
0.155620414458786,0.153188152628169,0.228143922303259,0.248572875476618,0.269109514522827,0.390290597443144,0.271340920287249,0.229645054004169,0.34697218387806,0.63674001962347,0.168514648287212,0.185816818263296,0.364795959153294,0.493381930897831,0.222754130202488,0.224072442448832,0.341505395362921,0.431774840233475,MAR05580,Transport reactions
-0.168663712509133,-0.181345175165748,-0.197372604412534,-0.193990138184579,-0.257709040056139,-0.348051813966263,-0.377827653310176,-0.219796493998171,-0.300622084663327,-0.460716781492243,-0.160769470795659,-0.200209608079741,-0.40699975947046,-0.45171724843079,-0.338774493396054,-0.259752703879452,-0.36163488703343,-0.352890237196542,MAR05585,Transport reactions
-3.26479109626447,-3.18548394645983,-4.27280947581055,-5.34821235946843,-4.39242350526747,-8.5449481503841,-4.57728216760293,-5.7405600686751,-7.86669279998383,-13.0132374532305,-3.35091121318053,-0.907513889771637,-6.54243596729229,-10.94361398708,-3.95570280239017,-4.06589503166265,-6.28744648295781,-9.52633297276188,MAR06000,Transport reactions
3.60538457865643,3.51308686112451,4.80506073449283,5.5165664035184,4.56926285286993,8.760951957865,4.78148276986633,5.87021147238353,8.14333255209673,13.4100399143773,3.60320757151324,1.95169761959979,6.89090076834321,11.3600485930797,4.08633809419315,4.52973371054982,6.74946993999205,9.84392737053495,MAR06005,Transport reactions
3.77263866820581,3.68284862402628,5.01621923853472,5.61673361613872,4.67406770487078,8.9164627925981,4.9743049789993,6.02752146247516,8.44060109598162,14.1944282688102,3.76089038856801,2.05289382857347,7.13461163949863,11.7917485717699,4.25807114311712,4.79930005426629,6.9879768095394,10.1907786282469,MAR06012,Transport reactions
-3.71921568762618,-3.62919897147061,-4.93122959642982,-5.5296494266169,-4.58590125456427,-8.82795897999274,-4.83701327301661,-5.9370659880276,-8.23498341034582,-13.9549387946287,-3.68609432813425,-1.95177012906703,-6.97438350675495,-11.5586540424496,-4.15472607382455,-4.71218950560251,-6.84490145686337,-10.0048924826762,MAR06013,Transport reactions
0.113834407089368,0.11610368074808,0.126172741072496,0.0130865140576037,0.016035802301564,0.0649534236164927,0.0544977361523668,0.0668582466937336,0.0915781796644948,0.544908935997446,0.0828527385471789,7.65674616317305e-05,0.0834895980285528,0.198614522628788,0.068087879364811,0.182459887265525,0.095437259231247,0.160279220474001,MAR06024,Transport reactions
0.113834407089368,0.116115293023015,0.126172741072496,0.0130865140576037,0.0166418033504527,0.067012714677621,0.0555341312481614,0.0668582466937336,0.0916576067681706,0.544908935997446,0.0828894747771229,7.65674616317305e-05,0.0834895980285528,0.198614522628788,0.0683923122345981,0.182459887265525,0.095437855000259,0.160972991767289,MAR06044,Transport reactions
0.0115885290617065,0.0092971641977281,0,0.73151853269617,0,0.359597261873428,8.4524689032162e-05,0.354417314400151,0.000199314755460379,0.419044928004194,0,0,0.00331757909830584,0.117665721651715,3.21954489462051e-05,0.0132885871880098,0.000462897965549173,0.0373834814976202,MAR06327,Transport reactions
-1.07553181505773,-1.02780708553977,-1.40197591848679,-0.692728871632681,-0.795852862860532,-0.770409356049096,-1.07424615958715,-0.976491061247333,-1.32191191550323,-2.99659959254386,-0.860381677444973,-0.0366582544222865,-0.64859071990205,-3.64819543089046,-0.747277181116473,-1.5526666437897,-0.61053191526664,-1.48706551218141,MAR06328,Transport reactions
0.00340122558675563,0.0026398312466535,0.00531786811989681,0.0188512137172468,0.318604030158824,0.0101877578728304,0.346766569023458,0.006214259533723,0.0364163917502746,0.00782126747626881,0.00237295377468987,0.00420570256659471,0.0442775663091422,0.00172903700853533,0.00751863634260208,0.0148945245216095,0.0397533583728245,0.0757259776320815,MAR06332,Transport reactions
0.00569938887500652,0.00159402395076466,0.0103011249275889,0.00904111667657256,0.0058750648711592,0.0150844969854252,0.00488526052699432,0.00716167522358772,0.00821004697173962,0.000864940520571901,0.00624137640665666,0.0034826657215144,0.00881825813267802,0.000833235550523773,0.219207403144595,0.0036414175651714,0.0102858960162415,0.00905641144307181,MAR06335,Transport reactions
0.000183099132341219,9.1449762394511e-05,0.000278594202030903,0.000520364268342075,0.000419756343166274,0.00209456085279902,0.00046149118509415,0.00059131342249724,0.357144092171455,0,0,0,0.00151670515923753,0.486991873441853,0.00159701802856662,0.000736699633428431,0,0.406055229550676,MAR06342,Transport reactions
0.43814755735763,0.421109741701633,0.453506756511345,0.183226758815583,0.120104548108894,0.498440071714226,0.286040330297199,0.579351928244714,0.0523134813509167,0.123970945920547,0.244055464419036,0.0502812567416406,0.0942674897323747,2.1368519451173,0.375717333457252,0.562816211616785,0.073496113467712,0.0717815127661759,MAR06391,Transport reactions
-0.375871789062617,-0.451548354388388,-0.426642230980045,-0.201793118513247,-0.144463618504344,-0.287156962251504,-0.160779253431661,-1.46874240886185,0.596313017154839,-0.549857332728087,-0.371105468841354,0.00408264962391689,-0.899992474715782,-1.37543550679631,-0.16475625116683,-0.515281963378956,-0.983809809211573,0.75625623054576,MAR06521,Transport reactions
0.375871789062617,0.451548354388388,0.426642230980045,0.201793118513247,0.144463618504344,0.287156962251504,0.160779253431661,1.46874240886185,-0.596313017154839,0.549857332728087,0.371105468841354,-0.00408264962391689,0.899992474715782,1.37543550679631,0.16475625116683,0.515281963378956,0.983809809211573,-0.75625623054576,MAR06522,Transport reactions
0.00218831475688297,0.0067714118139133,0.0127012511606913,0.00414638938508476,0.0010713444354336,0.00807212449727566,0.0112330285094124,0.00497085252040156,1.20564278568553,3.90182610687182,0,0,0.684729595900923,1.17991558268916,0.00782160271602043,0.0037014784030273,0.540628276192635,0.956436951284354,MAR06571,Inositol phosphate metabolism
0.00218831475688297,0.0067714118139133,0.0127012511606913,0.00414638938508476,0.0010713444354336,0.00807212449727566,0.0112330285094124,0.00497085252040156,1.20564278568553,3.90182610687182,0,0,0.68472950947872,1.17991558268916,0.00782160271602043,0.0037014784030273,0.540628276192635,0.956436951284354,MAR06572,Inositol phosphate metabolism
-0.0185740050032762,-0.0797205829866305,0.0652795289549332,-0.0293461899602955,0.210753011162216,-0.0217279907749456,0.156434851900059,-0.433485401379146,0.368091308165483,-0.631807627005771,0.013422951356716,0.00323889023967668,-0.0568946296730643,-1.22551780382061,0.201918468569766,0.0390994783199539,-0.0494566757857711,0.414714316565848,MAR06612,Pyrimidine metabolism
3.66511096107482,3.57031834947181,4.93200260250336,5.37054169257784,4.49649778971821,8.57876619081409,4.66642255782975,5.81632835177848,8.03590971207663,14.0384751389934,3.66785269996773,0.935638198186886,6.73971796752293,11.4181325201447,4.0462510088035,4.6036019178033,6.57816450400321,9.72145372572224,MAR06614,Pyrimidine metabolism
0.0173799305574843,0.0775822550385817,-0.0681703224495236,0.0241205008810186,-0.21341813984126,-0.0373838677827568,-0.163199620588665,0.429383820950834,-0.368379757516354,0.631807627005771,-0.0152706319575657,-0.00340443240496422,0.0501244327088491,1.22468440278502,-0.202789392394834,-0.0420727796481018,0.0457983738881426,-0.415047545542486,MAR06615,Pyrimidine metabolism
0.247709013836808,0.280462316644103,0.269529194803917,0.0386235324293275,0.0305393761211621,0.0362751266198201,0.127727701048531,0.439494077843172,0.00703160077865225,0.620086217165285,0.184962202697569,0.0109647466765519,0.0845178482011246,1.67898049101714,0.00349519371516516,0.315088730256697,0.0868715787668658,0.0113918254979601,MAR06621,Pyrimidine metabolism
3.66534007677287,3.57045398820915,4.93222280199373,5.37075947288636,4.49877662328983,8.57949993190915,4.66690991936068,5.82275816548725,8.03897430679582,14.0386143098523,3.66839280951767,0.937847124482648,6.74011773449973,11.4186743759337,4.04631097174496,4.60380496754076,6.57860924140193,9.72195452206265,MAR06627,Pyrimidine metabolism
0.153519485190445,0.100678355752119,0.163306270845445,0.171495955833243,0.0991695493477873,0.264882444504472,0.244864279263292,0.0537198643824342,0.953132773138401,0.153981296247885,0.240051379702362,0.0225776952206394,0.410207978392641,0.165407852975073,0.036518369568628,0.228637037409257,0.275061302574819,1.24243525604098,MAR07638,Transport reactions
-1.97828451779563,-1.85706915904623,-2.58579321171986,-4.48827916774272,-2.84920111973432,-4.3326708190769,-2.73782107652361,-2.66886588735245,-0.0266792929453512,-6.95817063270985,-2.12350142441078,-1.71509801461155,-0.0151881649001357,-0.0295258484479867,-2.21875014561577,-2.18321203020578,-0.00762367761632436,-0.0530837611391973,MAR07684,Transport reactions
0.247709013836808,0.280462316644103,0.269529194803917,0.0386235324293275,0.0305393761211621,0.0362751266198201,0.127727701048531,0.439494077843172,0.00703160077865225,0.620086217165285,0.184962202697569,0.0109647466765519,0.0845178482011246,1.67898049101714,0.00349519371516516,0.315088730256697,0.0868715787668658,0.0113918254979601,MAR07717,Nucleotide metabolism
-0.247709013836808,-0.280462316644103,-0.269529194803917,-0.0386235324293275,-0.0305393761211621,-0.0362751266198201,-0.127727701048531,-0.439494077843172,-0.00703160077865225,-0.620086217165285,-0.184962202697569,-0.0109647466765519,-0.0845178482011246,-1.67898049101714,-0.00349519371516516,-0.315088730256697,-0.0868715787668658,-0.0113918254979601,MAR07719,Transport reactions
-0.242178332270679,-0.205647885638746,-0.337243480360917,-0.0252366529378961,-0.289575328925609,-0.166045793629217,-0.317542880024567,-0.0239736270722373,-0.40838524200262,-0.0484546567211699,-0.208001181797896,-0.0152477387562022,-0.131067113841623,-0.50796552202019,-0.287104220577057,-0.366117620093397,-0.0565732317425471,-0.521274606475049,MAR07801,Nucleotide metabolism
-0.244407369501769,-0.279169473443644,-0.268795776137986,0.0191802065265433,-0.0300218020649496,-0.0288089225018147,-0.127292470402414,-0.43544535024003,-0.00674059643176226,-0.619651269167413,-0.181750742459974,-0.0079791004845327,-0.0836079744031513,-1.67898049101714,-0.00349519371516516,-0.311546906973797,-0.0847945472571884,-0.0100603697814384,MAR07808,Transport reactions
0,0,0,0.000633316357280089,0,0.00100428426796358,0.000283371909255757,0,0.000577274210250293,0.933614031909065,0.00163309396095746,0,8.72479073937497e-05,0.000416282489865608,0,0,0,0.000331740897144046,MAR07815,Transport reactions
0.00188866408601621,-0.00567165862604617,-0.0172406145495732,0.0128882388217626,0.0361596302307648,0.0123800884356475,0.014262752530126,0.0133045370887976,-0.331807612278695,0.0224583630905022,0.00468210172008672,0,0.015267014717219,-0.451391294221133,0.0151619421259421,-0.0117924759592093,0.00191404619164532,-0.342468762545618,MAR07818,Transport reactions
-0.0091204310077507,-0.00533802783206352,-0.0166492208853339,0.0632557297853551,-0.270587654108669,-0.0165647415841671,-0.295932281382723,0.00163628472518318,-0.0365893527020926,0.923312026656916,-0.00880603647320144,-0.00785390965204207,-0.0351494930375302,-0.00123882799565955,-0.219983719018509,-0.0175450768237295,-0.0307829342370877,-0.0792579508455974,MAR07820,Transport reactions
-0.22010309881911,-0.188347613298848,-0.299874914767304,-0.0121190905909464,-0.00411503447262347,-0.00466962499653343,-0.00134467921770436,-0.00984717457426639,-0.00173205059464096,0,-0.188914174653091,-0.00121131714990894,-0.00643878816677848,0,-0.000380959225174523,-0.321162418727684,-0.00611196531075308,-0.00232448922147733,MAR07822,Transport reactions
0.222738387906713,0.192892750010187,0.305117735870892,0.0094463753690431,0,0.000653084907938936,0.000656450631685839,0.00100922076085527,0.000577999636516013,0,0.190738964018355,0.000662168661150111,0.0048514259949292,0,0.000380959225174523,0.327854171190559,0.00109911437911396,0.000666314557443513,MAR07846,Transport reactions
0.342639493621571,0.300690183263425,0.448256607352209,0.217045364595084,0.081339645086557,0.217452525455936,0.144379038731428,0.177281402863967,0.732282037217164,0.547826805935895,0.310520859158649,0.00813457042196356,0.366221872462819,1.14272127499744,0.0763276678761587,0.508672982674284,0.311510443795452,0.758383951882174,MAR07865,Nucleotide metabolism
-0.349916913002369,-0.310570008474496,-0.460381649523066,-0.222629347422168,-0.0881086000876654,-0.237821727484871,-0.163461831582425,-0.23861265320026,-0.833067703913903,-0.779440414081231,-0.315989313774186,-0.00928326898792778,-0.384699097626148,-1.39035358266871,-0.0853587401266866,-0.513310301482847,-0.329231767265627,-0.815881110437405,MAR07867,Nucleotide metabolism
0.247709013836808,0.280462316644103,0.269529194803917,0.0386235324293275,0.0305393761211621,0.0362751266198201,0.127727701048531,0.439494077843172,0.00703160077865225,0.620086217165285,0.184962202697569,0.0109647466765519,0.0845178482011246,1.67898049101714,0.00349519371516516,0.315088730256697,0.0868715787668658,0.0113918254979601,MAR07875,Nucleotide metabolism
0.247709013836808,0.280462316644103,0.269529194803917,0.0386235324293275,0.0305393761211621,0.0362751266198201,0.127727701048531,0.439494077843172,0.00703160077865225,0.620086217165285,0.184962202697569,0.0109647466765519,0.0845178482011246,1.67898049101714,0.00349519371516516,0.315088730256697,0.0868715787668658,0.0113918254979601,MAR07883,Nucleotide metabolism
-0.0171964606166387,-0.0774906643385223,0.0683368349618257,-0.0239510352145906,0.215649894717898,0.038038824366573,0.163636769485886,-0.42300564472091,0.371350953178384,-0.631807627005771,0.0157731224070911,0.00555719632722279,-0.0498196023732456,-1.22426812029516,0.202789392394834,0.0422191934312286,-0.0454413557729208,0.415439288379934,MAR07886,Nucleotide metabolism
0.222738387906713,0.192892750010187,0.305117735870892,0.00951283617702129,0.00193164084515021,0.00365151747011477,0.000872364663383648,0.00770783355391411,0.000577999636516013,0,0.190864645316999,0.000880232819333886,0.00583196423214606,0,0.000380959225174523,0.327854171190559,0.00573818748939418,0.00133344728759672,MAR07890,Nucleotide metabolism
-0.119857044148629,-0.152620562851404,-0.0875346409966337,0.0862072483778949,-0.0472424802161693,-0.330136902809021,-0.262879752160452,-0.0784555398891734,-0.953692002588403,-0.693348921052412,-0.0321678332008013,-0.0563846595669334,-0.22617277258202,-2.15445674742342,-0.303772962417519,-0.174981766982621,-0.188921556162396,-1.13067201678151,MAR08022,Transport reactions
-0.000331166125354574,0.00904389940429282,0.0154201502097385,0.000891580457638666,0.00224748200481516,0.00914471070084122,0.00154320582307661,0.00407068814105024,0.357495180866724,0.00010375231326855,0.000802344789561421,3.74415823458541e-05,0.00308671058827809,0.487075500951297,0.00181602068846984,0.0152024437345875,0.00445537141762752,0.406128200656684,MAR08450,Nucleotide metabolism
0.222625065335872,0.192779814576128,0.303579699289876,0.00954491963023192,0.0019629927355856,0.00364869131502845,0.000905803459503653,0.00774225853979541,0.000572428872675391,-3.70595091686841e-05,0.190864191163813,0.000917674401679749,0.00589525532635833,-0.000417101721003581,0.000420934519496355,0.327482583950972,0.00579666701164773,0.00132670607042343,MAR08452,Nucleotide metabolism
-0.222180576639681,-0.201710716775449,-0.317461812918597,-0.0103678882531009,-0.00279397500869377,-0.012790575860783,-0.00160814055324742,-0.0118122660284408,-0.358062038975561,-2.96332949311792e-05,-0.191666081800193,-0.000935448803794899,-0.00878205286490179,-0.486241297509294,-0.00223161125167169,-0.342313397431778,-0.010249282890527,-0.407448009145452,MAR08456,Nucleotide metabolism
0.00965658474281184,0.0109670891632497,0.00551154555319659,0.0504943908829954,0.0226676208346407,0.0113530085402562,0.0203994131850082,0.066284760416513,0.106907620482719,0.237313824407267,0.00165934574914468,0.00132949112353352,0.0425963598121111,0.25135684934268,0.0187958039927274,0.0183554068605008,0.0425091798522899,0.0500321869432795,MAR08465,Nucleotide metabolism
-0.0112980968323407,-0.0120964513677371,-0.00689960757535365,-0.0547439634212362,-0.0383670772015672,-0.0154336971050776,-0.0232859075105205,-0.0713744654152343,-0.109217269889923,-0.243244773338354,-0.00264076082903862,-0.00279048244928647,-0.0689077589325537,-0.254631247331834,-0.028213188397931,-0.0265668502807565,-0.0670140727725555,-0.0484576980289816,MAR08467,Nucleotide metabolism
-0.0620457279270327,-0.0376061656785366,-0.0773583943006693,0.215779513400852,-0.059761196450947,0.257624519117809,-0.057593350057765,0.194386156039739,-0.209496285760976,0.788768120169385,-0.086031171254894,0.150092135415386,-0.0795575383370581,-0.0930780443154346,-0.0866879049883547,-0.0828047733476931,-0.107652131108712,-0.254081250685725,MAR08486,Nucleotide metabolism
1.88161678889097,1.74781257074119,2.49435249668628,4.48783931704683,2.83168374939472,4.32803872749085,2.66993721455843,2.64098116743643,0.0133483306992266,6.9170835710404,1.95647101592438,1.71502938263608,0.00327434903547643,0.0096178878052637,2.20988891854359,2.05724096343959,0.00375610559496632,0.0464535457711294,MAR08566,Tryptophan metabolism
-0.832688183136375,-0.749887194859683,-1.13957768676342,-0.565226548148781,-0.519754820546633,-0.695296959763391,-0.677422573282995,-0.552581412797828,-1.65015763672002,-1.398469363725,-0.689932857337173,-0.0407299513629375,-0.710922083073215,-2.25150148012866,-0.705008801807206,-1.22361238167192,-0.586986607676348,-1.8378060092203,MAR08662,C5-branched dibasic acid metabolism
-0.832688183136375,-0.749887194859683,-1.13957768676342,-0.565226548148781,-0.519754820546633,-0.695296959763391,-0.677422573282995,-0.552581412797828,-1.65015763672002,-1.398469363725,-0.689932857337173,-0.0407299513629375,-0.710922083073215,-2.25150148012866,-0.705008801807206,-1.22361238167192,-0.586986607676348,-1.8378060092203,MAR08663,C5-branched dibasic acid metabolism
-0.0732885746194192,-0.0598247419467201,-0.0918019470771725,-0.0728530958750593,-0.0338332712156625,-0.042627592390587,-0.0464634300947295,-0.0404144716555884,-0.0453679191433021,-0.287873871055532,-0.00750433884683234,-0.00080989806956532,0.189834445739222,-0.00862002133880474,-0.0358124177650362,-0.0876856115214106,0.167248607353969,-0.0705372245020051,MAR08742,Transport reactions
0.00414953366873569,0.00633867641120942,0.00518019698075964,0.00034523370086427,0.00321126654544821,0.381697687932524,0.00328429834551108,0.00109941232739039,0.0014674254359897,0.00779212667985293,0.00337337099602443,0,0.00643573093274718,0.00441513784989808,0.00220983109891134,0.00560465350911467,0.00612291327277181,0.00591230556897797,MAR08791,Nicotinate and nicotinamide metabolism
0.12713396020488,0.124111949158514,0.179753556217721,0.148852143372761,0.131039902311042,0.13873555418449,0.190736948277377,0.158903616329588,0.281736211439837,0.559071577103201,0.118255397221043,0.108367463534835,0.213030880026662,0.322334464765639,0.21799135301596,0.198613293250288,0.189281384113767,0.274293718554319,MAR08925,Transport reactions
0.286946252040676,0.319230684658104,0.347140093886401,0.314724911414298,0.121645485239165,0.523269234883907,0.199446728296309,0.251883607250102,1.13327990561285,3.0145316729554,0.171469590279536,0.0765018517679874,0.286580449037008,1.79032016376229,0.399933061832764,0.450989540498366,0.296124552647864,1.42096166249949,MAR08976,Transport reactions
0.156505414454591,0.161288792805934,0.137922140223868,0.135426688589431,0.0774501005019335,0.0943376146895359,0.0782609975180939,0.138464426458908,-0.0246710703456635,0.482117142231743,0.0482586594229778,0.061738754592148,0.245192833955686,0.565971818249393,0.00291328103971974,0.183336672185843,0.161935436998927,0.073441258341314,MAR08992,Pentose phosphate pathway
-3.61075211468002,-3.35898638701061,-4.69725369039405,-4.91730116014045,-4.82274354590769,-7.56239695711402,-5.27412477918925,-5.35964799995898,-9.26131818195597,-11.6448342814039,-3.47014304464255,-4.64603160233857,-8.07287065936053,-12.1147004592784,-4.68303148014387,-5.20548249073503,-7.58009422815293,-10.9925354937362,MAR09034,Exchange/demand reactions
-0.551375391263942,-0.50268046173869,-0.773927347984157,-0.0133161616637151,-0.619529465587005,-0.0129602639144819,-0.643784803520266,-1.4143252769077,-4.87230619310668,-2.03497010622309,-0.534481262526973,-0.00590195817265153,-5.51785450171801,-7.40995955271067,-0.368550203366593,-0.77357931564413,-5.74989295275488,-5.68864364132745,MAR09038,Exchange/demand reactions
3.61031943416662,3.46359086044605,4.94031338394745,5.69709309138716,4.38866247293035,8.94915041371505,4.20620315167343,6.12849781480313,3.88721912500724,12.9347554758135,3.78801581592646,-0.159815986452838,2.72228183503431,4.14928103696841,3.85909590449826,4.44196759108603,2.45444303455568,4.28541289649415,MAR09047,Exchange/demand reactions
-2.89071271537392,-2.8048066122379,-3.73742830865039,-5.36524970513872,-3.83954416778403,-5.36111792535696,-3.7709216840407,-4.77671409231128,-0.94941616669846,-8.75029226247058,-2.80315830586968,-1.95787105036771,-1.90737497767438,-1.22649490220442,-3.00800508131857,-3.50733326670958,-1.60164907987226,-1.15770261236415,MAR09048,Exchange/demand reactions
1.4382866101121,1.36894514963939,1.83604775947266,1.04593214193084,1.40509791792144,1.05943139915095,1.5883288239527,2.22903547923628,5.94806325434482,5.23201832916656,1.0283790184071,0.419238251914728,7.04164313849359,8.83298100180799,1.26357144780503,1.98155712984168,6.93918408314935,7.11732722511169,MAR09058,Exchange/demand reactions
-0.057480101294862,-0.0466221040276402,-0.061010278918093,-0.182434878497744,-0.0814152403707876,-0.123427913636252,-0.157323057754917,-0.0597783185001913,-0.0857760372038752,0.0163685018600953,-0.0702487740034676,-0.0272269706476107,-0.106798292984837,-0.308075255454345,-0.0474075988362829,-0.0790148527580634,-0.111599905179924,-0.0889757839113737,MAR09061,Exchange/demand reactions
-0.0457974132452651,-0.0449464345596234,-0.0541667557304585,-0.0357123580127076,-0.0393772937984487,-0.045163474662607,-0.0381560956482349,-0.0399788970641619,-0.0738558439532855,-0.583405271933492,-0.0456779158612034,-0.00960702331752118,-0.0228616040270987,-0.225196685545683,-0.0649629942037344,-0.0641778486578195,-0.0179967524787933,-0.0743091894043745,MAR09063,Exchange/demand reactions
-0.00599799464638,-0.00976715308009809,-0.0105222027461922,-0.0423445554370741,-0.00935824026851736,-0.00719115083734585,-0.00839825127456297,-0.0222741932638486,-0.00619769345081444,-0.476460492969687,-0.0080675408983153,-0.00384564476344643,-0.0128876528688408,-0.013105619297608,-0.0049445117655367,-0.00537027766738435,-0.0080448598757703,-0.0107082031429337,MAR09064,Exchange/demand reactions
-0.0177363901198492,-0.0209620814557186,-0.0115274510129765,-0.0220598400758396,-0.018503245751541,-0.00534419721931765,-0.0744597768978709,-0.017979600589817,-0.0180936764008393,-0.0255562728008774,-0.0152614799980714,-0.00199112605050173,-0.0128312698303976,-0.369090429112337,-0.0105057040897446,-0.0257767342198459,-0.0343436651215611,-0.0147484413298419,MAR09065,Exchange/demand reactions
-0.0974740093319444,-0.0975571326278554,-0.146099381351133,-0.176989438399085,-0.218201663963561,-0.334491343554311,-0.223857941974277,-0.175496799070141,-0.295890265363859,-0.444984515566553,-0.134553610464329,-0.169580696612282,-0.311038959294782,-0.429694235279906,-0.180583693615706,-0.153322550590388,-0.282769568162954,-0.345533750034588,MAR09066,Exchange/demand reactions
-0.0336112288150007,-0.0474334185839927,-0.00924907155041501,-0.190082876682334,-0.186380014913029,-0.249093304373774,-0.259557945244854,-0.200798177174543,-0.322629365329821,0.0173182115071125,-0.0678116045872118,-0.0288253787278841,-0.317085005315433,-0.875357751567686,-0.263760898226959,-0.036617191362587,-0.259961566844488,-0.39655093947579,MAR09067,Exchange/demand reactions
-0.014826656908714,-0.0074825041452867,-0.0177894762669505,-0.0195284598269297,-0.0167188956451334,0.365405152095753,0.0163258274688672,-0.0118006896142604,0.967143402929482,2.73978959153616,-0.015140633554825,-0.00929948885403852,0.0764997817296661,2.10237672891335,-0.0101841684460228,-0.0150701367208925,0.0785843602705079,1.11953883031231,MAR09068,Exchange/demand reactions
-0.26450057980768,-0.286684194210444,-0.283900610947605,-0.140598020351939,-0.143219076429422,-0.523474060377319,-0.374029692917774,-0.195379686187356,-1.11984309981199,-3.14551658726209,-0.135082979445419,-0.0526779571725682,-0.386780647770536,-2.39132699477604,-0.250392767783622,-0.379169806543628,-0.331549449773559,-1.40952782858158,MAR09071,Exchange/demand reactions
-0.160781675159286,-0.156045562504516,-0.239535604693614,-0.220342698931643,-0.118391945833466,-3.04634266940577,-0.203960600723254,-0.422386638820648,-0.37398453607764,-0.982655562355665,-0.179473532622364,-0.00743160380053375,-0.246279494980685,-0.961365069375397,-0.112427440028804,-0.231140349964707,-0.270036581941789,-0.274747706783648,MAR09072,Exchange/demand reactions
0.259862944658537,0.275574955287286,0.335679093485096,0.339953446152182,0.381122790829362,0.483020432836472,0.519524760291546,0.351857316373093,0.563656753089009,0.894502581803392,0.265985541467097,0.297824321326725,0.585569409786217,0.764749148310397,0.515154713491598,0.417976348558546,0.512327338549431,0.594460619603852,MAR09073,Exchange/demand reactions
1.14050488225176,1.19948359216054,1.55173646964915,1.2478721072152,1.13418946745875,2.35009997129318,1.29375115981253,1.13821693558634,3.05544015665869,2.53893826623334,1.24170854062058,0.277521097367309,1.62597794016931,1.76682373984667,1.45529401597296,1.73276738546824,1.33203395704296,4.19602531465503,MAR09079,Exchange/demand reactions
0.00832672955167512,0.00599279540936571,0.0137164367903715,3.13306180155419e-05,0,0.955888647876297,0,0.00135357048089793,0,0.000312123964366572,0,0,0.00176201200947569,0,0.00187632446721302,0.00526239943412906,0,0.00735094770829037,MAR09106,Exchange/demand reactions
3.26479109626447,3.18548394645983,4.27280947581055,5.34821235946843,4.39242350526747,8.5449481503841,4.57728216760293,5.7405600686751,7.86669279998383,13.0132374532305,3.35091121318053,0.907513889771637,6.54243596729229,10.94361398708,3.95570280239017,4.06589503166265,6.28744648295781,9.52633297276188,MAR09133,Exchange/demand reactions
1.4933491665442,1.36512721054341,1.88691752145782,1.86585448182262,2.06817929646081,0.159810982352665,2.48619728299026,2.1857854083823,0.155331283401532,0.405327996678384,1.38775079486313,4.64528712777595,0.21718496314761,0.197825341826869,2.22633430522162,2.49213043116261,0.234204637536374,0.280421326140847,MAR09139,Exchange/demand reactions
-0.37109221647125,-0.366685984441539,-0.42610872910842,-0.457018615682247,-0.252987131603873,-0.432874258973349,-0.425939673237596,-0.428508085458212,-1.00605827191869,-1.52227166738991,-0.227480025780553,-0.0856514632977755,-0.773758345618343,-1.58035365575365,-0.324330888924792,-0.476055284775429,-0.809396435953811,-1.35776611750788,MAR09146,Exchange/demand reactions
-0.00832696547356643,-0.00599302307337849,-0.0137167142736291,-3.15803341432719e-05,-2.43328086442602e-07,-0.955889055077158,-2.59525972135175e-07,-0.00135383737123791,-4.82736700082987e-07,-0.000312843274423603,-1.9443579969855e-07,-2.90277436164484e-07,-0.00176250269323978,-6.49030535725775e-07,-0.00187663438803415,-0.00526269215928641,-4.53380565786621e-07,-0.00735151135560852,MAR09159,Exchange/demand reactions
0.182847669030352,0.171482064513588,0.191666391385692,0.00940416313460454,0.023929615962629,0.033130245348814,0.115242842419119,0.309408023103984,0.0587136247289386,0.451201302616564,0.0132946587305346,0.0101483630712952,0.0610211055448494,1.33471500869982,0.00775400313575352,0.214472708474377,0.045419512482645,0.0182200074043381,MAR09234,Exchange/demand reactions
0.113834407089368,0.11610368074808,0.126172741072496,0.0130865140576037,0.016035802301564,0.0649534236164927,0.0544977361523668,0.0668582466937336,0.0915781796644948,0.544908935997446,0.0828527385471789,7.65674616317305e-05,0.0834895980285528,0.198614522628788,0.068087879364811,0.182459887265525,0.095437259231247,0.160279220474001,MAR09259,Exchange/demand reactions
0.0910531497314927,0.0911713101169176,0.137368435036413,0.168565475714336,0.209959010973401,0.325468352243633,0.21767588902224,0.167238678152135,0.287637181955931,0.431398674305111,0.127341137574075,0.164945355728277,0.30097556113682,0.414930371093463,0.174096964660573,0.146378939619302,0.272333349190813,0.332117127842796,MAR09290,Exchange/demand reactions
0.0063291563707395,0.000363040368784818,0.00213273499890303,0.00110059107281831,0.00103895844697067,0.0234955934215211,0.00480794360632768,0.0155190280013214,0.0563396755209627,0.388674727303891,0.00114447499474698,0,0.00821624348465535,0.184952085606679,0.0329049324165004,0.00774426493439269,0.00183390172284493,0.0427408234344017,MAR09348,Exchange/demand reactions
0.134378740136674,0.153094323556541,0.161718155960941,0.191044905517374,0.251834544847742,0.344703153916102,0.333075797093925,0.204738666817678,0.283044645649414,0.45406276386884,0.148594713763725,0.19212952509546,0.374443757101456,0.446304878862604,0.321604880406576,0.222980536124307,0.323765295929897,0.322483801629736,MAR09354,Exchange/demand reactions
-0.0751111840395546,-0.0713663155229972,-0.133587933542267,-0.342278581820647,-0.301101629457814,-0.519535349274046,-0.372011161620202,-0.277634592958925,-0.608641630870244,-0.632559955317476,-0.160879276768455,-0.0034573640994381,-0.36584160116114,-0.481398989847118,-0.279356099436674,-0.122493349787321,-0.345781808445426,-0.685017041516974,MAR09358,Exchange/demand reactions
0.00155113263891454,0.00668692650726968,0.0125986052225678,0.00405406052624879,0.000980959508354988,0.00792134520647846,0.0111365802116672,0.00487217374963732,1.20546430090346,3.90156015257673,-7.24004051928514e-05,-0.00010732580498713,0.67846176205314,1.17967561321159,0.00770698025812745,0.0035926567982873,0.540460063826526,0.956228550993442,MAR09361,Exchange/demand reactions
1.88161678889097,1.74781257074119,2.49435249668628,4.48783931704683,2.83168374939472,4.32803872749085,2.66993721455843,2.64098116743643,0.0133483306992266,6.9170835710404,1.95647101592438,1.71502938263608,0.00327434903547643,0.0096178878052637,2.20988891854359,2.05724096343959,0.00375610559496632,0.0464535457711294,MAR09386,Exchange/demand reactions
0.106550070868853,0.0949262610363398,0.155893440054038,0.447174352135626,0.211539901973557,0.395111514837646,0.242812709327313,0.0912150755478694,0.934013202206936,1.03091895568696,0.0471547641278134,0.0754341779735803,0.706108969553508,0.225730037380592,0.313344322197677,0.143498222007406,0.760108898069242,1.33291533108818,MAR09421,Exchange/demand reactions
0.162826352552593,0.210402715351388,0.220709335886686,0.0746535411195557,0.0729447510013213,0.109947685964874,0.0470149773422173,0.0520016004193958,0.0134881760580419,1.17976808809056,0.116981491651156,1.00145911085561,0.0514794492418184,0.106606894472963,0.0271988057491814,0.220950903690988,0.0738414451106182,0.0358591879867914,MAR09422,Exchange/demand reactions
-0.427473605849236,-0.491511797657888,-0.485576813073948,-0.235235823816582,-0.255579794367776,-0.365455599562025,-0.39744761566841,-0.489891000042921,-0.297487767069955,-1.8008706976089,-0.302009864017058,-1.01246103074063,-0.374075880495799,-1.78488264989195,-0.139290486044974,-0.543059849812235,-0.353955965580541,-0.358204698951566,MAR09423,Exchange/demand reactions
0.0720218908573707,0.0643857007882265,0.0414365019641614,0.150132633236187,0.166163818032942,0.22198997578655,0.321212467465328,0.350225267310309,0.204938983922674,0.190426366165748,0.079996699566881,5.34633258735493e-05,0.294323156138294,1.40268715874579,0.0994527723679696,0.102116884433044,0.232752231822262,0.288977588733421,MAR09437,Exchange/demand reactions
0.220329521070908,0.189980538260165,0.21839683614683,0.239498029615689,0.3768840724296,2.88032561161476,0.384699295541939,0.326656874463226,3.45085280477084,0.50004822144457,0.172842156187379,0,3.5680507572776,5.73795580938208,0.254084924233417,0.307054768370748,3.31395080452767,4.46075885012923,MAR09685,Exchange/demand reactions
-1.22357830445281,-1.29319254779391,-1.63719985940333,-1.1563812023517,-1.18233954371983,-1.41772582934855,-1.34939482598091,-1.21991985517036,-3.0862757071736,-2.73558421790789,-1.24735398325936,-0.280823693800909,-1.65881765947092,-1.917966729022,-1.50816518173665,-1.84195661524456,-1.34995126138956,-4.24497146778665,MAR11396,Transport reactions
0.00832696547356643,0.00599302307337849,0.0137167142736291,3.15803341432719e-05,2.43328086442602e-07,0.955889055077158,2.59525972135175e-07,0.00135383737123791,4.82736700082987e-07,0.000312843274423603,1.9443579969855e-07,2.90277436164484e-07,0.00176250269323978,6.49030535725775e-07,0.00187663438803415,0.00526269215928641,4.53380565786621e-07,0.00735151135560852,MAR11433,Transport reactions
0.0800738216410972,0.109091036398793,0.147057659955037,0.0992893238837446,0.0410171985352459,0.067354292941148,0.299147753661655,0.0894907671584787,0.0566546372151908,0.01786663824585,0.21997997819747,0.00272401906843527,0.13081011670102,0.0273585388540756,0.0568713822005392,0.203703557833024,0.184004610399453,0.197886600082212,MAR13080,Transport reactions
