rxn,rxnName,subsystem,associated_genes,mean_sample_MYC_0,mean_sample_MYC_1000,std_sample_MYC_0,std_sample_MYC_1000,ks_stats,ks_pVal,cohen_effect,log2FC,raw_diff,mets_in,mets_out
MAR03992,"NADH:ferricytochrome-b5 oxidoreductase",Nicotinate and nicotinamide metabolism,ENSG00000065615 or ENSG00000100243 or ENSG00000159348 or ENSG00000215883,0.660681749449213,1.45960499107322e-05,1.71777626073628,0.000116100413308849,-0.82,5.11098432788498e-296,0.543915099872908,15.4660898827797+0i,0.660667153399302,MAM01823c; MAM02553c,MAM01825c; MAM02039c; MAM02552c
MAR09038,"",Exchange/demand reactions,,-0.773927347984153,-0.0129602639144818,1.91426634721333,0.00144695779078747,0.801,1.71477702117255e-282,0.56218387004471,5.90003113875223+0i,-0.760967084069671,MAM02125e,
MAR04957,"",Transport reactions,,0.224104738027279,0.000175682782606058,1.15594598483044,0.00502097516731034,-0.863,0,0.273957887057798,10.3169846251149+0i,0.223929055244673,MAM01587m,MAM01587c
MAR07846,"",Transport reactions,ENSG00000125454,0.305117735870893,0.000653084907938936,0.421556995482139,0.014596199967803,-0.833,1.86803649117863e-305,1.02078763863354,8.86787975836737+0i,0.304464650962954,MAM01371m; MAM01645c,MAM01371c; MAM01645m
MAR04483,"ATP:thymidine 5'-phosphotransferase",Nucleotide metabolism,ENSG00000166548,0.264726168975437,0.00295410593455132,1.20221530241228,0.0231602682191008,-0.97,0,0.30787573927254,6.48563544416023+0i,0.261772063040886,MAM01371m; MAM02996m,MAM01285m; MAM01752m; MAM02039m
MAR05033,"",Transport reactions,ENSG00000112759,0.264721790157317,0.00276435841432341,1.20221617478708,0.0232975918215729,-0.97,0,0.308092852179272,6.5813884614394+0i,0.261957431742993,MAM02996c,MAM02996m
MAR07890,"ATP:dCDP phosphotransferase",Nucleotide metabolism,ENSG00000103024 or ENSG00000103202 or ENSG00000112981 or ENSG00000143156 or ENSG00000155085 or ENSG00000172113 or ENSG00000239672 or ENSG00000243678,0.305117735870893,0.00365151747011478,0.421556995482139,0.0768879232712844,-0.83,2.89972562579924e-303,0.994927033571785,6.38472610010714+0i,0.301466218400778,MAM01285m; MAM01645m,MAM01371m; MAM01643m
MAR08452,"",Nucleotide metabolism,ENSG00000162368,0.303579699289876,0.00364869131502842,0.424233328927615,0.0768880424644912,-0.882,0,0.983814881986775,6.37855240730498+0i,0.299931007974848,MAM01643c,MAM01644c; MAM01645c
MAR07822,"",Transport reactions,ENSG00000125454,-0.299874914767305,-0.00466962499653343,0.434291020043445,0.0790578250628323,0.824,6.61584532825649e-299,0.945755962779277,6.00491033613036+0i,-0.295205289770771,MAM01643c; MAM01747m,MAM01643m; MAM01747c
MAR00103,"Carnitine O-Palmitoyltransferase",Fatty acid oxidation,ENSG00000110090,0.660610559997464,0.00502761636561537,1.71742694262108,0.087300606837433,-0.719,9.35767133179179e-228,0.539143043606407,7.03778165285791+0i,0.655582943631848,MAM02348c; MAM00051c,MAM01597c; MAM02117c
MAR02312,"Long-Chain-Fatty-Acid---Coa Ligase",Fatty acid oxidation,ENSG00000068366 or ENSG00000123983 or ENSG00000140284 or ENSG00000151726,0.660610559997464,0.00502761636561537,1.71742694262108,0.087300606837433,-0.719,9.35767133179179e-228,0.539143043606407,7.03778165285791+0i,0.655582943631848,MAM01371c; MAM01597c; MAM02675c,MAM01334c; MAM02759c; MAM00051c
MAR08456,"",Nucleotide metabolism,ENSG00000162368,-0.317461812918598,-0.0127905758607831,0.4377370119938,0.15713861115851,0.835,6.40244786194023e-307,0.926428559758683,4.63342993815039+0i,-0.304671237057815,MAM01643c; MAM03106c,MAM01644c; MAM03130c
MAR00105,"C161 Transport into the Mitochondria",Fatty acid oxidation,ENSG00000178537,0.662430846595209,0.0101145447003138,1.71763526071789,0.172524229802182,-0.871,0,0.534395153852179,6.03326657010461+0i,0.652316301894895,MAM02117c,MAM02117m
MAR00102,"C160 Transport into the Mitochondria",Fatty acid oxidation,ENSG00000178537,-0.66251688502715,-0.010750081874232,1.71764471715896,0.172962816499882,0.742,1.63703793267052e-242,0.533928505341423,5.94553767107234+0i,-0.651766803152918,MAM02411c,MAM02411m
MAR02626,"palmitoyl-CoA:L-carnitine O-palmitoyltransferase",Carnitine shuttle (cytosolic),ENSG00000110090,0.66251688502715,0.010750081874232,1.71764471715896,0.172962816499882,-0.742,1.63703793267052e-242,0.533928505341423,5.94553767107234+0i,0.651766803152918,MAM01597c; MAM02411c,MAM02348c; MAM02678c
MAR02630,"palmitoyl-CoA:L-carnitine O-palmitoyltransferase",Carnitine shuttle (mitochondrial),ENSG00000095321 or ENSG00000157184,-0.66251688502715,-0.010750081874232,1.71764471715896,0.172962816499882,0.742,1.63703793267052e-242,0.533928505341423,5.94553767107234+0i,-0.651766803152918,MAM01597m; MAM02411m,MAM02348m; MAM02678m
MAR00104,"C161 Transport into the Mitochondria",Fatty acid oxidation,ENSG00000157184,0.6624894518593,0.0107099626566665,1.71765194589192,0.172965442278897,-0.778,1.52474843718466e-266,0.533936591884204,5.9508721293486+0i,0.651779489202633,MAM01597m; MAM02117m,MAM00051m; MAM02348m
MAR02028,"Trans-Hexadec-2-Enoyl Coenzyme A Reductase",Fatty acid oxidation,ENSG00000115425 or ENSG00000116353,-0.663967845845614,-0.0137069580899143,1.71739773789751,0.21393566947973,0.766,2.0891193850308e-258,0.531358969564755,5.59813303512462+0i,-0.6502608877557,MAM02554m; MAM02678m,MAM00051m; MAM02039m; MAM02555m
MAR04642,"2'-deoxyuridine 5'-monophosphate phosphohydrolase",Pyrimidine metabolism,ENSG00000125458 or ENSG00000205309,0.000765968370776243,0.222197789172229,0.0143609024286592,0.247242366363296,0.854,5.16792665549944e-321,1.26444738307027,-8.18034392690515+0i,-0.221431820801453,MAM01755c; MAM02040c,MAM01673c; MAM02751c
MAR04709,"Deoxyinosine:orthophosphate ribosyltransferase",Purine metabolism,ENSG00000025708 or ENSG00000198805,-0.00297271051480597,0.20751024486126,0.0940053605111853,0.252504922388219,0.846,4.85098493201674e-315,1.10478139442587,-6.12525977524684+4.53236014182719i,-0.210482955376066,MAM00639c; MAM02159c,MAM01671c; MAM02751c
MAR05070,"",Transport reactions,(ENSG00000092068 and ENSG00000168003) or ENSG00000003989 or ENSG00000103257 or ENSG00000123643 or ENSG00000139514 or ENSG00000149150 or ENSG00000167703,-0.804698665874881,-0.0551990473913642,2.00744477792985,0.281474442988692,0.643,2.68872046911284e-182,0.522895670302596,3.86573336609211+0i,-0.749499618483517,MAM02125c,MAM02125e
MAR04680,"deoxyuridine:orthophosphate 2-deoxy-D-ribosyltransferase",Nucleotide metabolism,ENSG00000183696,0.212758574886747,-0.204820580960534,1.13691436126836,0.28310000779644,-0.856,1.63041663127611e-322,0.504037499422695,0.0548565897844363+4.53236014182719i,0.417579155847281,MAM00639c; MAM03118c,MAM01673c; MAM02751c
MAR09067,"",Exchange/demand reactions,,-0.00924907155041504,-0.249093304373772,0.501087488544079,0.305246339352247,-0.839,7.34053289088574e-310,0.578094015315012,-4.75123388140688+0i,0.239844232823357,MAM01986e,
MAR04852,"",Transport reactions,ENSG00000108528,-0.414285954915818,-0.0901543799457171,1.43323520238572,0.332192451972302,0.598,9.00454391475643e-158,0.311570291322248,2.20015742249852+0i,-0.324131574970101,MAM01306c; MAM02439m,MAM01306m; MAM02439c
MAR04262,"nicotinamide-D-ribonucleotide:diphosphate phospho-alpha-D-ribosyltransferase",Nicotinate and nicotinamide metabolism,ENSG00000105835,0.0051675584226677,0.381679141114353,0.0758024760991654,0.334948489948171,0.883,0,1.55049085733464,-6.20673374037766+0i,-0.376511582691685,MAM02581c; MAM02759c,MAM02039c; MAM02583c; MAM02806c
MAR04265,"",Nicotinate and nicotinamide metabolism,ENSG00000106733,0.00518019698075964,0.381697687932525,0.0758025603473781,0.334948956083483,0.85,5.08821410419941e-318,1.55051305118262,-6.20327967899631+0i,-0.376517490951765,MAM01371c; MAM02582c,MAM01285c; MAM02039c; MAM02581c
MAR08791,"",Nicotinate and nicotinamide metabolism,ENSG00000198805,0.00518019698075964,0.381697687932525,0.0758025603473781,0.334948956083483,0.85,5.08821410419941e-318,1.55051305118262,-6.20327967899631+0i,-0.376517490951765,MAM02039c; MAM02583c; MAM02844c,MAM02582c; MAM02751c
MAR04675,"ATP:dUDP phosphotransferase",Pyrimidine metabolism,ENSG00000103024 or ENSG00000103202 or ENSG00000112981 or ENSG00000143156 or ENSG00000172113 or ENSG00000239672 or ENSG00000243678,0.268806643697546,0.0352781034406483,1.2127156612416,0.358335735871966,-0.95,0,0.261167633687823,2.9297238870645+0i,0.233528540256897,MAM01371m; MAM01754m,MAM01285m; MAM01756m
MAR06621,"2'-deoxyuridine 5'-triphosphate:oxydized-thioredoxin 2'-oxidoreductase",Pyrimidine metabolism,(ENSG00000048392 and ENSG00000100348 and ENSG00000167325 and ENSG00000171848) or (ENSG00000048392 and ENSG00000136810 and ENSG00000167325 and ENSG00000171848),0.269529194803914,0.0362751266198201,1.21312178032543,0.363140509329403,-0.953,0,0.260498326461764,2.89338899576545+0i,0.233254068184094,MAM01756m; MAM02040m; MAM02666m,MAM02990m; MAM03130m
MAR07717,"uridine 5'-monophosphate phosphohydrolase",Nucleotide metabolism,ENSG00000076685 or ENSG00000122643 or ENSG00000125458 or ENSG00000135318 or ENSG00000141698 or ENSG00000205309,0.269529194803914,0.0362751266198201,1.21312178032543,0.363140509329403,-0.953,0,0.260498326461764,2.89338899576545+0i,0.233254068184094,MAM02040m; MAM03114m,MAM02751m; MAM03123m
MAR07719,"",Transport reactions,ENSG00000112759,-0.269529194803914,-0.0362751266198201,1.21312178032543,0.363140509329403,0.953,0,0.260498326461764,2.89338899576545+0i,-0.233254068184094,MAM03123c,MAM03123m
MAR07875,"ATP:UMP phosphotransferase",Nucleotide metabolism,ENSG00000134326,0.269529194803914,0.0362751266198201,1.21312178032543,0.363140509329403,-0.953,0,0.260498326461764,2.89338899576545+0i,0.233254068184094,MAM01285m; MAM03106m,MAM01371m; MAM03114m
MAR07883,"ATP:UDP phosphotransferase",Nucleotide metabolism,ENSG00000103024 or ENSG00000103202 or ENSG00000112981 or ENSG00000143156 or ENSG00000155085 or ENSG00000172113 or ENSG00000239672 or ENSG00000243678,0.269529194803914,0.0362751266198201,1.21312178032543,0.363140509329403,-0.953,0,0.260498326461764,2.89338899576545+0i,0.233254068184094,MAM01285m; MAM03130m,MAM01371m; MAM03106m
MAR03968,"ATP:dUMP phosphotransferase",Nucleotide metabolism,ENSG00000168393,-0.264047821838353,-0.0362722511102255,1.20177451651662,0.363140797257035,0.953,0,0.256581700434076,2.86386105148263+0i,-0.227775570728128,MAM01285c; MAM01754c,MAM01371c; MAM01755c
MAR07808,"",Transport reactions,ENSG00000125454,-0.268795776137983,-0.0288089225018147,1.21271802372735,0.372953714521215,0.957,0,0.267497209849951,3.22192286015978+0i,-0.239986853636169,MAM01747c; MAM01754m,MAM01747m; MAM01754c
MAR04579,"uridine:phosphate alpha-D-ribosyltransferase",Pyrimidine metabolism,ENSG00000183696,0.254249957463543,0.0205685013967085,1.19557614291668,0.390729715019615,-0.846,4.85098493201674e-315,0.262739955774036,3.62773894343065+0i,0.233681456066835,MAM02751c; MAM03123c,MAM02844c; MAM03118c
MAR04054,"ATP:thymidine 5'-phosphotransferase",Nucleotide metabolism,ENSG00000167900,0.000145687029946332,0.252743555182828,0.00460702840175564,0.412447844008205,0.89,0,0.866061134632607,-10.760586144794+0i,-0.252597868152881,MAM01371c; MAM02996c,MAM01285c; MAM01752c; MAM02039c
MAR00226,"",Fatty acid activation (cytosolic),ENSG00000068366 or ENSG00000123983 or ENSG00000140284 or ENSG00000151726,0.661282501384253,0.131669140817781,1.71730757080368,0.445691645460475,-0.529,1.27320055629091e-123,0.422154387653338,2.32834946398404+0i,0.529613360566472,MAM01334c; MAM02677c; MAM02759c,MAM01371c; MAM01597c; MAM02675c
MAR04083,"ATP:adenosine 5'-phosphotransferase",Nucleotide metabolism,ENSG00000156110 or ENSG00000156136,0.337562951645271,0.0393911046655539,0.43628022840829,0.472474643622027,-0.879,0,0.655700761131236,3.09921479255392+0i,0.298171846979717,MAM01280m; MAM01371m,MAM01285m; MAM01334m; MAM02039m
MAR05031,"",Transport reactions,ENSG00000112759,0.336467228213872,0.0393911046655539,0.436516444487121,0.472474643622027,-0.879,0,0.653128414584133,3.0945242128131+0i,0.297076123548318,MAM01280c,MAM01280m
MAR04280,"(S)-Lactate:NAD+ oxidoreductase",Pyruvate metabolism,ENSG00000111716 or ENSG00000134333 or ENSG00000151116,-0.150300291885474,0.0933780366983631,0.584958084454129,0.517483187064475,0.636,2.29799606361013e-178,0.44124471321079,0.686692650083546+4.53236014182719i,-0.243678328583837,MAM02039m; MAM02553m; MAM02819m,MAM02403m; MAM02552m
MAR05411,"",Transport reactions,ENSG00000155380,0.150300291885474,-0.0933780366983631,0.584958084454129,0.517483187064475,-0.636,2.29799606361013e-178,0.44124471321079,0.686692650083546+4.53236014182719i,0.243678328583837,MAM02039c; MAM02403c,MAM02039m; MAM02403m
MAR05029,"",Transport reactions,ENSG00000059804 or ENSG00000109667 or ENSG00000117394 or ENSG00000133460 or ENSG00000136856 or ENSG00000160326,-4.6972536903941,-7.56239695711405,0.275294950590628,0.609876893108823,-1,0,6.05549685742543,-0.687026066574701+0i,2.86514326671995,MAM01965c,MAM01965e
MAR09034,"",Exchange/demand reactions,,-4.6972536903941,-7.56239695711405,0.275294950590628,0.609876893108823,-1,0,6.05549685742543,-0.687026066574701+0i,2.86514326671995,MAM01965e,
MAR05304,"",Transport reactions,,-0.330001319112249,0.0189636323606222,0.47464335128675,0.631919632060554,0.896,0,0.624442972697414,4.12116455667529+4.53236014182719i,-0.348964951472871,MAM01752c,MAM01752m
MAR04352,"D-ribose-5-phosphate aldose-ketose-isomerase",Pentose phosphate pathway,ENSG00000153574,-0.0152831686367139,-0.248202396153948,0.865281015827656,0.635506317882936,-0.7,6.47698715235962e-216,0.306820865293271,-4.02150145203652+0i,0.232919227517234,MAM02845c,MAM02846c
MAR04440,"5,10-methylenetetrahydrofolate:NAD+ oxidoreductase",Folate metabolism,ENSG00000065911 or ENSG00000163738,0.412675342111664,-0.111789566442438,1.19833492053787,0.63815116051271,-0.709,1.74734717366156e-221,0.546311168729387,1.8842216933421+4.53236014182719i,0.524464908554102,MAM01044m; MAM02553m,MAM01045m; MAM02552m
MAR04444,"5,10-methylenetetrahydrofolate:NADP+ oxidoreductase",Folate metabolism,ENSG00000065911 or ENSG00000100714 or ENSG00000120254,-0.412675342111664,0.111789566442438,1.19833492053787,0.63815116051271,0.709,1.74734717366156e-221,0.546311168729387,1.8842216933421+4.53236014182719i,-0.524464908554102,MAM01044m; MAM02555m,MAM01045m; MAM02554m
MAR04964,"",Transport reactions,ENSG00000100075,0.567010590850331,0.132030188654657,1.37713284769707,0.640814134148356,-0.713,5.55180862449989e-224,0.404993391389563,2.10250784365465+0i,0.434980402195674,MAM01587m; MAM02039m; MAM02439c,MAM01587c; MAM02039c; MAM02439m
MAR02406,"Mitochondrial Carrier (Mc) Tcdb:2.A.29.7.2",Transport reactions,ENSG00000100075,-0.78875085936925,-0.0880235214119312,2.46103160125618,0.699984740070669,0.729,4.09377793082287e-234,0.387306089893197,3.16360867843628+0i,-0.700727337957319,MAM01587m; MAM02661c,MAM01587c; MAM02661m
MAR02420,"Mitochondrial Carrier (Mc) Tcdb:2.A.29.7.2",Transport reactions,ENSG00000100075,-0.78875085936925,-0.0879940578949584,2.46103160125618,0.699989041771448,0.729,4.09377793082287e-234,0.387322196822669,3.16409166281077+0i,-0.700756801474292,MAM01580m; MAM02439c,MAM01580c; MAM02439m
MAR02422,"Mitochondrial Carrier (Mc) Tcdb:2.A.29.7.2",Transport reactions,ENSG00000100075,0.78875085936925,0.0917031752565476,2.46103160125618,0.701968775204455,-0.725,1.46649820033525e-231,0.385190450577904,3.10452607830821+0i,0.697047684112702,MAM01580m; MAM02661c,MAM01580c; MAM02661m
MAR08486,"adenosine:phosphate alpha-D-ribosyltransferase",Nucleotide metabolism,ENSG00000198805,-0.0773583943006692,0.257624519117811,0.296778538369564,0.718218331978452,0.906,0,0.609606681739006,-1.73564015207559+4.53236014182719i,-0.33498291341848,MAM01280c; MAM02751c,MAM01279c; MAM02844c
MAR04922,"",Transport reactions,,-0.159676613374943,0.154104506259468,0.60558109528259,0.811644655420161,0.652,2.04705944749887e-187,0.438202574355877,0.0512439784437341+4.53236014182719i,-0.313781119634411,MAM01596c,MAM01596m
MAR01793,"Thiamine Triphosphate Transport in via Anion Antiport",Transport reactions,ENSG00000173638,0.00941907184098648,0.955888647876302,0.23914157096546,0.812149562236174,0.607,1.55512927561633e-162,1.58099337074789,-6.66511385412477+0i,-0.946469576035316,MAM02040e; MAM02985c,MAM02040c; MAM02985e
MAR04206,"ATP:thiamine-diphosphate phosphotransferase",Thiamine metabolism,ENSG00000196511,0.0137164367903715,0.955888647876302,0.257550160917199,0.812149562236174,0.605,1.8042281724436e-161,1.5638720135108,-6.12286491061138+0i,-0.942172211085931,MAM01371c; MAM02984c,MAM01285c; MAM02985c
MAR09106,"",Exchange/demand reactions,,0.0137164367903715,0.955888647876302,0.257550160917199,0.812149562236174,0.605,1.8042281724436e-161,1.5638720135108,-6.12286491061138+0i,-0.942172211085931,MAM02985e,
MAR04204,"ATP:thiamine diphosphotransferase",Thiamine metabolism,ENSG00000196511,0.0137167142736292,0.955889055077143,0.257550162720392,0.812149575030313,0.933,0,1.5638722054379,-6.1228363397894+0i,-0.942172340803513,MAM01371c; MAM02982c,MAM01334c; MAM02039c; MAM02984c
MAR09159,"",Exchange/demand reactions,,-0.0137167142736292,-0.955889055077143,0.257550162720392,0.812149575030313,-0.933,0,1.5638722054379,-6.1228363397894+0i,0.942172340803513,MAM02982e,
MAR11433,"Thiamine Transport in via Proton Antiport",Transport reactions,ENSG00000117479,0.0137167142736292,0.955889055077143,0.257550162720392,0.812149575030313,0.933,0,1.5638722054379,-6.1228363397894+0i,-0.942172340803513,MAM02039c; MAM02982e,MAM02039e; MAM02982c
MAR04085,"AMP:diphosphate phospho-D-ribosyltransferase",Purine metabolism,ENSG00000198931,0.0807448362324474,-0.142969184739253,0.318054798463956,0.9620993483506,-0.847,8.75651432254082e-316,0.312224183223712,-0.824262320118849+4.53236014182719i,0.223714020971701,MAM01334c; MAM02759c,MAM01279c; MAM02806c
MAR04321,"",Transport reactions,ENSG00000109667 or ENSG00000133460 or ENSG00000136856,1.88691752145783,0.159810982352665,1.56541267427639,0.969990229371515,-0.571,6.54159149653081e-144,1.32630911336289,3.56159290299322+0i,1.72710653910516,MAM01840c,MAM01840e
MAR09139,"",Exchange/demand reactions,,1.88691752145783,0.159810982352665,1.56541267427639,0.969990229371515,-0.571,6.54159149653081e-144,1.32630911336289,3.56159290299322+0i,1.72710653910516,MAM01840e,
MAR04315,"D-Glucitol:NAD+ 2-oxidoreductase",Fructose and mannose metabolism,ENSG00000140263,1.89407219009683,0.199705632049534,1.5700291277622,1.00517425362619,-0.571,6.54159149653081e-144,1.28535191390655,3.24554439329637+0i,1.6943665580473,MAM01682c; MAM02552c,MAM01840c; MAM02039c; MAM02553c
MAR04354,"D-Ribose 1,5-phosphomutase",Pentose phosphate pathway,ENSG00000079739 or ENSG00000169299,0.139455021919687,-0.132714479719505,1.13786637196336,1.01186636487972,-0.718,4.00167093645333e-227,0.252778587791963,0.0714741047252424+4.53236014182719i,0.272169501639192,MAM02844c,MAM02845c
MAR04848,"",Transport reactions,ENSG00000174669,-0.133587933542269,-0.519535349274051,0.415759530913179,1.02029904931993,-0.771,8.81079505321232e-262,0.495401978753241,-1.95943221279754+0i,0.385947415731782,MAM02159c,MAM02159e
MAR09358,"",Exchange/demand reactions,,-0.133587933542269,-0.519535349274051,0.415759530913179,1.02029904931993,-0.771,8.81079505321232e-262,0.495401978753241,-1.95943221279754+0i,0.385947415731782,MAM02159e,
MAR07865,"",Nucleotide metabolism,ENSG00000162368,0.448256607352208,0.217452525455938,0.597733676384008,1.05187448965851,-0.828,8.29111621330756e-302,0.269791749998592,1.0436243846262+0i,0.230804081896271,MAM03106c,MAM03114c; MAM03130c
MAR07867,"",Nucleotide metabolism,ENSG00000162368,-0.460381649523066,-0.237821727484872,0.62995262802665,1.09818663368587,0.829,1.55211578252281e-302,0.24860791376664,0.952949803562612+0i,-0.222559922038194,MAM01948c; MAM03106c,MAM02034c; MAM03114c
MAR03818,"",Transport reactions,,-0.00284927022793953,-0.38568225995383,0.0772811373339904,1.16889984897394,-0.772,1.85093217370501e-262,0.462168075265701,-7.080676523356+0i,0.38283298972589,MAM02374c,MAM02374m
MAR03819,"",Arginine and proline metabolism,ENSG00000159423,-0.00284927022793953,-0.38568225995383,0.0772811373339904,1.16889984897394,-0.772,1.85093217370501e-262,0.462168075265701,-7.080676523356+0i,0.38283298972589,MAM00559c; MAM02039c; MAM02040c,MAM02374c
MAR09068,"",Exchange/demand reactions,,-0.0177894762669504,0.365405152095752,0.0774058287872561,1.16893556800205,0.727,7.7796408707562e-233,0.462587331905835,-4.36040103312785+4.53236014182719i,-0.383194628362703,MAM02770e,
MAR05467,"",Transport reactions,ENSG00000103257,0.0178641872872924,-0.365132791741593,0.077418692271321,1.16898320938463,-0.726,3.38111313019549e-232,0.462329636338811,-4.35327905312443+4.53236014182719i,0.382996979028885,MAM01986c; MAM02770e,MAM01986e; MAM02770c
MAR03806,"L-glutamate gamma-semialdehyde:NAD+ oxidoreductase",Arginine and proline metabolism,ENSG00000159423,0.0612206797602335,0.408672880791393,0.455075527464612,1.19187750614108,0.749,4.27111228040895e-247,0.385147830453657,-2.73885554148855+0i,-0.34745220103116,MAM01974m; MAM02039m; MAM02553m,MAM02040m; MAM02374m; MAM02552m
MAR04002,"ATP:AMP phosphotransferase",Purine metabolism,ENSG00000004455 or ENSG00000085231 or ENSG00000106992 or ENSG00000147853 or ENSG00000155085 or ENSG00000162433 or ENSG00000273841,-0.558845981064531,-1.74825605208544,0.516021556225414,1.20121621482723,-0.768,9.38899175867429e-260,1.28662012378869,-1.64539386582491+0i,1.1894100710209,MAM01285c,MAM01334c; MAM01371c
MAR04932,"",Transport reactions,ENSG00000079215,0.240343690672337,0.442881413814627,0.494529652578567,1.2148237319091,0.387,1.68801611385515e-66,0.218379427509507,-0.881821522231402+0i,-0.20253772314229,MAM01974e; MAM02039e; MAM02200c; MAM02519e,MAM01974c; MAM02039c; MAM02200e; MAM02519c
MAR04410,"(S)-malate hydro-lyase (fumarate-forming)",Tricarboxylic acid cycle and glyoxylate/dicarboxylate metabolism,ENSG00000091483,-0.591120393394303,-0.3724217094314,2.78904233812615,1.245616772163,-0.493,1.83015798698464e-107,0.101254174524714,0.666514819994187+0i,-0.218698683962903,MAM01862m; MAM02040m,MAM02439m
MAR09071,"",Exchange/demand reactions,,-0.283900610947606,-0.523474060377314,0.613687360110828,1.27918132311631,-0.446,4.40511553732345e-88,0.238803532260954,-0.882732095588576+0i,0.239573449429708,MAM01974e,
MAR04597,"L-2-aminoadipate:2-oxoglutarate aminotransferase",Lysine metabolism,ENSG00000109576,-0.0876634017867264,-0.330152057413736,0.872283323917467,1.29151486938068,-0.695,7.49061138547294e-213,0.220040489568266,-1.91308406746278+0i,0.242488655627009,MAM00670m; MAM01974m,MAM01306m; MAM02322m
MAR04237,"",Transport reactions,ENSG00000183032,-0.0875346409966333,-0.330136902809019,0.872299266732762,1.29151902328191,-0.696,1.83503800001835e-213,0.220141832093021,-1.91513844467266+0i,0.242602261812386,MAM00670c; MAM01306m,MAM00670m; MAM01306c
MAR04596,"L-2-aminoadipate:2-oxoglutarate aminotransferase",Lysine metabolism,ENSG00000109576,0.0875346409966333,0.330136902809019,0.872299266732762,1.29151902328191,0.696,1.83503800001835e-213,0.220141832093021,-1.91513844467266+0i,-0.242602261812386,MAM00670c; MAM01974c,MAM01306c; MAM02322c
MAR08022,"",Transport reactions,ENSG00000183032,-0.0875346409966333,-0.330136902809019,0.872299266732762,1.29151902328191,-0.696,1.83503800001835e-213,0.220141832093021,-1.91513844467266+0i,0.242602261812386,MAM01306c; MAM02322m,MAM01306m; MAM02322c
MAR04388,"(S)-Lactate:NAD+ oxidoreductase",Glycolysis / Gluconeogenesis,ENSG00000111716 or ENSG00000134333 or ENSG00000151116,0.761885474953925,-0.0497974092312082,2.0667669854029,1.54167979463481,-0.771,8.81079505321232e-262,0.44519061930045,3.9354315596348+4.53236014182719i,0.811682884185134,MAM02039c; MAM02553c; MAM02819c,MAM02403c; MAM02552c
MAR08662,"Itaconate:CoA ligase (GDP-forming)",C5-branched dibasic acid metabolism,(ENSG00000163541 and ENSG00000172340) or (ENSG00000136143 and ENSG00000163541),-1.13957768676342,-0.695296959763392,1.54779548738936,1.58478404180535,0.654,1.45895979840862e-188,0.283631910954776,0.71279809232806+0i,-0.444280727000028,MAM01597m; MAM02034m; MAM02191m,MAM01948m; MAM02192m; MAM02751m
MAR08663,"Itaconate:CoA ligase (ADP-forming)",C5-branched dibasic acid metabolism,(ENSG00000163541 and ENSG00000172340) or (ENSG00000136143 and ENSG00000163541),-1.13957768676342,-0.695296959763392,1.54779548738936,1.58478404180535,0.654,1.45895979840862e-188,0.283631910954776,0.71279809232806+0i,-0.444280727000028,MAM01285m; MAM02192m; MAM02751m,MAM01371m; MAM01597m; MAM02191m
MAR04919,"",Transport reactions,,1.66646990803552,0.713748944167291,3.26976071934129,1.63121484436262,-0.527,1.07746635553234e-122,0.368726501918175,1.22330665504766+0i,0.95272096386823,MAM01596c,MAM01596e
MAR01488,"Carnitine O-Palmitoyltransferase",Fatty acid oxidation,ENSG00000110090,0.279801624677585,0.574912473485211,0.669512694074911,1.68928962378922,0.482,9.38608643463904e-103,0.229675750964335,-1.03893799268031+0i,-0.295110848807626,MAM02348c; MAM02390c,MAM01597c; MAM03727c
MAR01489,"Carnitine Transferase",Fatty acid oxidation,ENSG00000157184,0.279801624677585,0.574912473485211,0.669512694074911,1.68928962378922,0.482,9.38608643463904e-103,0.229675750964335,-1.03893799268031+0i,-0.295110848807626,MAM01597m; MAM03727m,MAM02348m; MAM02390m
MAR01491,"Transport into the Mitochondria (Carnitine)",Fatty acid oxidation,ENSG00000178537,0.279801624677585,0.574912473485211,0.669512694074911,1.68928962378922,0.482,9.38608643463904e-103,0.229675750964335,-1.03893799268031+0i,-0.295110848807626,MAM03727c,MAM03727m
MAR02712,"",Carnitine shuttle (mitochondrial),ENSG00000178537 or ENSG00000197119 or ENSG00000197208,0.278310268671188,0.574663542314427,0.666375483158995,1.68934987762793,0.47,9.76008681614639e-98,0.230782079008644,-1.04602338488592+0i,-0.296353273643239,MAM02348c; MAM02637m,MAM02348m; MAM02637c
MAR02713,"",Carnitine shuttle (mitochondrial),ENSG00000095321 or ENSG00000157184,-0.278310268671188,-0.574663542314427,0.666375483158995,1.68934987762793,-0.47,9.76008681614639e-98,0.230782079008644,-1.04602338488592+0i,0.296353273643239,MAM01597m; MAM02637m,MAM02348m; MAM02390m
MAR09058,"",Exchange/demand reactions,,1.83604775947268,1.05943139915095,3.37095847747447,1.7221852792871,-0.483,3.53748577584586e-103,0.290141131333694,0.793313414178893+0i,0.776616360321727,MAM01596e,
MAR06328,"ATP:ADP phosphatransferase",Transport reactions,ENSG00000005022 or ENSG00000151729,-1.40197591848678,-0.770409356049091,2.48304320865905,1.87892000979771,0.66,5.03155510363979e-192,0.286841059080418,0.86376443976286+0i,-0.631566562437689,MAM01285c; MAM01371m,MAM01285m; MAM01371c
MAR04391,"D-glyceraldehyde-3-phosphate aldose-ketose-isomerase",Glycolysis / Gluconeogenesis,ENSG00000111669,2.47671467619953,4.24741413836113,1.76990471546662,1.9067631729486,0.555,5.340701743707e-136,0.962542203000777,-0.778157107532853+0i,-1.7706994621616,MAM01690c,MAM01939c
MAR04375,"D-fructose-1,6-bisphosphate D-glyceraldehyde-3-phosphate-lyase (glycerone-phosphate-forming)",Glycolysis / Gluconeogenesis,ENSG00000109107 or ENSG00000149925,-2.48769217100695,-4.26003237958766,1.76180964250725,1.91185323669928,-0.556,1.73656502713755e-136,0.964086169537858,-0.776056419817269+0i,1.77234020858071,MAM01690c; MAM01939c,MAM01841c
MAR04379,"ATP:D-fructose-6-phosphate 1-phosphotransferase",Glycolysis / Gluconeogenesis,ENSG00000067057 or ENSG00000141959 or ENSG00000152556,2.46332053596348,4.19594763842305,1.78526255938855,2.02584355848496,0.556,1.73656502713755e-136,0.907445310938528,-0.768392305893793+0i,-1.73262710245957,MAM01371c; MAM01845c,MAM01285c; MAM01841c; MAM02039c
MAR04394,"ATP:D-glucose 6-phosphotransferase",Glycolysis / Gluconeogenesis,ENSG00000156510 or ENSG00000156515 or ENSG00000159399,2.58150487314806,4.47560997203464,1.60537879042019,2.09758193771259,0.499,4.45251616198661e-110,1.01410255262897,-0.793871996331227+0i,-1.89410509888657,MAM01371c; MAM01965c,MAM01285c; MAM01968c; MAM02039c
MAR04312,"",Transport reactions,ENSG00000095139 or ENSG00000105669 or ENSG00000122218 or ENSG00000129083 or ENSG00000158623 or ENSG00000181789 or ENSG00000184432,0.21839683614683,2.88032561161474,0.897465732270125,2.29839783145099,0.673,1.23449850011407e-199,1.5257077372951,-3.72120805134832+0i,-2.66192877546791,MAM01682c,MAM01682e
MAR09685,"",Exchange/demand reactions,,0.21839683614683,2.88032561161474,0.897465732270125,2.29839783145099,0.673,1.23449850011407e-199,1.5257077372951,-3.72120805134832+0i,-2.66192877546791,MAM01682e,
MAR04411,"Phosphate Transport In/Out via Na+ Symporter",Transport reactions,ENSG00000144136 or ENSG00000168575,0.239535604693612,3.04715605218158,1.05313970496353,2.36450034581023,0.783,5.69574820120334e-270,1.53397090891777,-3.6691513658604+0i,-2.80762044748797,MAM02519e; MAM02751e,MAM02519c; MAM02751c
MAR09072,"",Exchange/demand reactions,,-0.239535604693612,-3.0463426694058,1.05313970496353,2.36512912419087,-0.783,5.69574820120334e-270,1.53318628216297,-3.66876621330436+0i,2.80680706471219,MAM02751e,
MAR04316,"D-Glucitol:NADP+ 1-oxidoreductase",Fructose and mannose metabolism,ENSG00000085662 or ENSG00000198074,-2.11246902624366,-3.08003124366428,1.56311069382919,2.38430672323443,0.295,6.0542547427115e-39,0.479949795514055,-0.544014797359101+0i,0.967562217420612,MAM01682c; MAM02554c,MAM01965c; MAM02039c; MAM02555c
MAR00124,"Citrulline Mitochondrial Transport via Proton Antiport",Transport reactions,ENSG00000102743,0.000548481837797897,-0.359556497178072,0.0164487661956076,2.7055952902345,-0.654,1.45895979840837e-188,0.18822324827448,-9.35655891546489+4.53236014182719i,0.36010497901587,MAM01588m,MAM01588c
MAR04381,"D-glucose-6-phosphate aldose-ketose-isomerase",Glycolysis / Gluconeogenesis,ENSG00000105220,-2.22527353828146,-4.03182700798755,2.23506348103715,2.99633909133401,-0.499,4.45251616198737e-110,0.683458795789296,-0.857451050999257+0i,1.80655346970609,MAM01845c,MAM01968c
MAR06614,"",Pyrimidine metabolism,ENSG00000103024 or ENSG00000103202 or ENSG00000112981 or ENSG00000143156 or ENSG00000172113 or ENSG00000239672 or ENSG00000243678,4.93200260250335,8.57876619081413,3.5275322227367,3.41958703886595,0.678,1.33340364427343e-202,1.04973682061824,-0.798596611370406+0i,-3.64676358831079,MAM01637c; MAM01753c,MAM01642c; MAM01747c
MAR06627,"",Pyrimidine metabolism,ENSG00000067225,4.93222280199379,8.57949993190917,3.52744610498254,3.42023129521523,0.678,1.33340364427343e-202,1.04980203259075,-0.79865558899399+0i,-3.64727712991538,MAM01747c; MAM02039c; MAM02696c,MAM01753c; MAM02819c
MAR04363,"2-phospho-D-glycerate hydro-lyase (phosphoenolpyruvate-forming)",Glycolysis / Gluconeogenesis,ENSG00000074800 or ENSG00000108515,4.93215958993619,8.57698830154181,3.52739823198017,3.42419636910221,0.678,1.33340364427343e-202,1.04851543623698,-0.798251671155056+0i,-3.64482871160562,MAM00674c,MAM02040c; MAM02696c
MAR04365,"D-phosphoglycerate 2,3-phosphomutase",Glycolysis / Gluconeogenesis,ENSG00000171314 or ENSG00000172331,-4.93215958993619,-8.57698830154181,3.52739823198017,3.42419636910221,-0.678,1.33340364427343e-202,1.04851543623698,-0.798251671155056+0i,3.64482871160562,MAM00674c,MAM00913c
MAR04373,"D-glyceraldehyde-3-phosphate:NAD+ oxidoreductase (phosphorylating)",Glycolysis / Gluconeogenesis,ENSG00000111640,-5.10275748722124,-8.61335240998778,3.65970975909159,3.43983638188619,-0.557,5.63514966364744e-137,0.988489258045857,-0.755297781375132+0i,3.51059492276654,MAM00247c; MAM02039c; MAM02553c,MAM01939c; MAM02552c; MAM02751c
MAR04368,"ATP:3-phospho-D-glycerate 1-phosphotransferase",Glycolysis / Gluconeogenesis,ENSG00000102144 or ENSG00000154305,5.10275295030295,8.61334575215564,3.65970971654963,3.43983644489527,0.557,5.6351496636468e-137,0.988488658461213,-0.755297948936619+0i,-3.51059280185268,MAM00247c; MAM01285c,MAM00913c; MAM01371c
MAR06005,"",Transport reactions,ENSG00000118596 or ENSG00000141526 or ENSG00000155380 or ENSG00000168679 or ENSG00000170190,4.80506073449282,8.760951957865,3.46359645640641,3.49091052346219,0.685,8.60858274890826e-207,1.13763943995461,-0.866532974068772+0i,-3.95589122337218,MAM01253c; MAM02833e,MAM01253e; MAM02833c
MAR04044,"ATP:dADP phosphotransferase",Purine metabolism,ENSG00000103024 or ENSG00000103202 or ENSG00000112981 or ENSG00000143156 or ENSG00000172113 or ENSG00000239672 or ENSG00000243678,4.92757854037581,8.51118839654833,3.52938271333108,3.51155984567551,0.677,5.24836541982125e-202,1.01793143320642,-0.788481719496881+0i,-3.58360985617253,MAM01285c; MAM01642c,MAM01371c; MAM01637c
MAR06012,"",Transport reactions,ENSG00000118596 or ENSG00000141526 or ENSG00000155380 or ENSG00000168679 or ENSG00000170190,5.01621923853473,8.91646279259821,3.57731734384313,3.52797719550803,0.646,5.3865679447324e-184,1.09781501637399,-0.829871095124426+0i,-3.90024355406347,MAM00648c; MAM01410e,MAM00648e; MAM01410c
MAR06013,"",Transport reactions,ENSG00000118596 or ENSG00000141526 or ENSG00000155380 or ENSG00000168679 or ENSG00000170190,-4.9312295964298,-8.82795897999282,3.57957671744402,3.53004531803319,-0.646,5.3865679447324e-184,1.09615808008368,-0.840132500194291+0i,3.89672938356301,MAM00648c; MAM02833e,MAM00648e; MAM02833c
MAR06000,"",Transport reactions,ENSG00000118596 or ENSG00000141526 or ENSG00000155380 or ENSG00000168679 or ENSG00000170190,-4.27280947581054,-8.5449481503841,3.61471831594681,3.66677462396896,-0.68,8.55464160766767e-204,1.17339384642974,-0.999886749033813+0i,4.27213867457357,MAM01253c; MAM02819e,MAM01253e; MAM02819c
MAR09133,"",Exchange/demand reactions,,4.27280947581054,8.5449481503841,3.61471831594681,3.66677462396896,0.68,8.55464160766767e-204,1.17339384642974,-0.999886749033813+0i,-4.27213867457357,MAM02819e,
MAR07684,"",Transport reactions,ENSG00000173638,-2.58579321171985,-4.33267081907692,2.52149126024972,3.86955348183882,-0.503,7.73482278853233e-112,0.534894557944782,-0.744649723832695+0i,1.74687760735707,MAM01830c; MAM02147e,MAM01830e; MAM02147c
MAR04548,"melatonin,NADPH---hemoprotein reductase:oxygen oxidoreductase",Serotonin and melatonin biosynthesis,ENSG00000138061,2.49435249668627,4.32803872749087,2.51532777330652,3.87126322385393,0.516,1.1773123835754e-117,0.561709924939794,-0.79504805029907+0i,-1.8336862308046,MAM01161c; MAM02039c,MAM02147c; MAM02460c
MAR08566,"",Tryptophan metabolism,ENSG00000138061,2.49435249668627,4.32803872749087,2.51532777330652,3.87126322385393,0.516,1.1773123835754e-117,0.561709924939794,-0.79504805029907+0i,-1.8336862308046,MAM02039c; MAM02460c; MAM02555c; MAM02630c,MAM01161c; MAM02040c; MAM02554c
MAR09386,"",Exchange/demand reactions,,2.49435249668627,4.32803872749087,2.51532777330652,3.87126322385393,0.516,1.1773123835754e-117,0.561709924939794,-0.79504805029907+0i,-1.8336862308046,MAM02147e,
MAR04332,"5,6,7,8-tetrahydrofolate:NAD+ oxidoreductase",Folate metabolism,ENSG00000178700 or ENSG00000228716,4.8749046908418,7.68853529985034,3.13119885052555,3.92420670473816,0.59,1.34351575189487e-153,0.792590799425609,-0.657334771507074+0i,-2.81363060900854,MAM01700c; MAM02039c; MAM02553c,MAM02552c; MAM02980c
MAR09048,"",Exchange/demand reactions,,-3.73742830865036,-5.36111792535697,3.03830771171369,4.14307922681261,-0.51,5.94789815550282e-115,0.446936169617826,-0.520487963763686+0i,1.62368961670661,MAM02630e,
MAR04896,"",Transport reactions,,-3.55449293627762,-5.01180342221722,3.00052852730707,4.15929790318059,-0.503,7.73482278853299e-112,0.401850968200525,-0.495686061131219+0i,1.45731048593961,MAM02630c,MAM02630e
MAR01527,"Sodium Transport (Uniport)",Transport reactions,ENSG00000198743,-1.65626809839587,-6.33389210363472,3.22285478929555,4.26703965643508,-0.641,3.60835886235474e-181,1.23708533411896,-1.93515607231733+0i,4.67762400523885,MAM02519e,MAM02519c
MAR01047,"Folate Transport via Anion Antiport",Transport reactions,ENSG00000173638,-2.15968448261143,-3.89979656010356,3.12089032140264,4.56832352884879,-0.513,2.67042301339345e-116,0.444799042944287,-0.8525783067606+0i,1.74011207749213,MAM01830e; MAM02040c,MAM01830c; MAM02040e
MAR04333,"5,6,7,8-tetrahydrofolate:NADP+ oxidoreductase",Folate metabolism,ENSG00000178700 or ENSG00000228716,-4.7136097519425,-7.51109016996292,3.54081022215851,4.57579302571445,-0.621,4.38247869932662e-170,0.683786213967777,-0.672189997412823+0i,2.79748041802041,MAM01700c; MAM02039c; MAM02555c,MAM02554c; MAM02980c
MAR09079,"",Exchange/demand reactions,,1.55173646964915,2.35009997129318,3.86709498372737,4.6072150447657,0.166,7.915790220257e-13,0.187705183067251,-0.598838562730979+0i,-0.798363501644028,MAM02039e,
MAR11396,"Butyrate Transport via Proton Symport, Reversible",Transport reactions,ENSG00000155380,-1.63719985940334,-1.41772582934857,3.92632109094122,5.14242166128704,0.584,1.66605396834714e-150,0.0479728965678251,0.207651887837177+0i,-0.219474030054774,MAM01410e; MAM02039e,MAM01410c; MAM02039c
MAR00155,"",Transport reactions,ENSG00000113396 or ENSG00000130304 or ENSG00000143554 or ENSG00000164687 or ENSG00000167114 or ENSG00000170231,-3.38005787269777,-7.51348389927595,2.92791880382744,5.82885844254332,-0.643,2.68872046911284e-182,0.896156924654567,-1.15243407248919+0i,4.13342602657818,MAM01410e,MAM01410c
MAR09047,"",Exchange/demand reactions,,4.94031338394744,8.94915041371512,4.59054932818796,6.99616449268445,0.491,1.33892537735677e-106,0.677522961700599,-0.857148166173619+0i,-4.00883702976768,MAM02040e,
MAR04885,"",Transport reactions,ENSG00000165272,7.59757609944132,16.4819618986544,6.1679467851113,11.4425529744797,0.645,1.98732227451643e-183,0.966563578631221,-1.11727685580529+0i,-8.8843857992131,MAM02040c,MAM02040e
